Income,Age,relationship,Education_Level,children,num_purchases,expenses
58138.0,67,single,Graduate,0,25,1269
46344.0,70,single,Graduate,2,6,18
71613.0,59,in_relationship,Graduate,0,21,602
26646.0,40,in_relationship,Graduate,1,8,35
58293.0,43,in_relationship,Postgraduate,1,19,334
62513.0,57,in_relationship,Postgraduate,1,22,660
55635.0,53,single,Graduate,1,21,464
33454.0,39,in_relationship,Postgraduate,1,10,142
30351.0,50,in_relationship,Postgraduate,1,6,38
5648.0,74,in_relationship,Postgraduate,2,2,34
7500.0,48,in_relationship,Undergraduate,0,6,33
63033.0,65,single,Graduate,0,16,735
59354.0,72,single,Postgraduate,2,15,288
17323.0,37,in_relationship,Graduate,0,5,34
82800.0,78,single,Postgraduate,0,26,1143
41850.0,44,in_relationship,Graduate,2,9,77
37760.0,78,in_relationship,Graduate,0,13,127
76995.0,75,in_relationship,Postgraduate,1,26,1590
33812.0,39,single,Undergraduate,1,8,40
37040.0,42,in_relationship,Graduate,0,12,161
2447.0,45,in_relationship,Graduate,1,43,1727
58607.0,75,in_relationship,Postgraduate,1,17,953
65324.0,70,in_relationship,Postgraduate,1,20,486
40689.0,73,in_relationship,Graduate,1,20,300
18589.0,55,single,Graduate,0,8,35
53359.0,48,in_relationship,Graduate,2,14,207
38360.0,35,in_relationship,Graduate,1,9,80
84618.0,59,in_relationship,Postgraduate,0,26,1585
10979.0,35,single,Postgraduate,0,8,22
38620.0,61,in_relationship,Postgraduate,0,11,173
40548.0,54,in_relationship,Graduate,1,9,115
46610.0,72,single,Postgraduate,2,17,204
68657.0,78,in_relationship,Postgraduate,0,18,987
49389.0,73,single,Postgraduate,2,6,59
67353.0,54,in_relationship,Postgraduate,1,28,870
23718.0,48,in_relationship,Undergraduate,1,9,23
42429.0,51,single,Graduate,1,7,61
80011.0,44,in_relationship,Graduate,1,21,1033
20559.0,39,in_relationship,Postgraduate,1,7,43
21994.0,67,in_relationship,Graduate,1,4,15
7500.0,49,in_relationship,Postgraduate,1,8,14
79941.0,48,single,Graduate,0,16,553
7500.0,28,in_relationship,Undergraduate,0,10,35
41728.0,56,in_relationship,Graduate,1,5,34
72550.0,70,in_relationship,Postgraduate,2,28,1193
65486.0,67,single,Graduate,1,17,389
79143.0,60,in_relationship,Postgraduate,0,29,1467
35790.0,47,single,Graduate,1,7,38
82582.0,47,single,Graduate,0,21,1180
66373.0,46,in_relationship,Graduate,2,23,461
82384.0,69,in_relationship,Postgraduate,0,27,1467
70287.0,58,single,Graduate,0,21,812
27938.0,36,single,Graduate,1,6,21
55954.0,56,in_relationship,Postgraduate,1,19,475
75777.0,42,single,Postgraduate,0,21,1276
66653.0,49,in_relationship,Graduate,2,22,572
61823.0,72,single,Graduate,1,24,664
67680.0,73,single,Postgraduate,1,19,594
70666.0,76,in_relationship,Graduate,0,16,805
25721.0,53,in_relationship,Graduate,1,5,10
32474.0,57,in_relationship,Graduate,2,4,11
88194.0,45,single,Undergraduate,1,32,1011
69096.0,66,in_relationship,Graduate,1,18,455
74854.0,54,in_relationship,Graduate,3,19,1402
66991.0,70,in_relationship,Postgraduate,0,21,992
65031.0,65,in_relationship,Graduate,1,30,656
60631.0,49,in_relationship,Postgraduate,2,24,636
28332.0,72,in_relationship,Graduate,0,8,37
40246.0,47,single,Graduate,1,4,9
75251.0,52,in_relationship,Postgraduate,0,19,1757
75825.0,48,single,Graduate,0,22,1916
26326.0,48,in_relationship,Undergraduate,0,4,6
56046.0,59,in_relationship,Graduate,0,21,641
29760.0,39,single,Graduate,1,12,136
26304.0,55,in_relationship,Graduate,1,4,10
23559.0,51,in_relationship,Undergraduate,1,9,49
38620.0,61,in_relationship,Postgraduate,0,11,173
81361.0,37,single,Graduate,0,27,610
29440.0,64,in_relationship,Graduate,2,7,39
36138.0,54,in_relationship,Postgraduate,2,13,146
50388.0,67,single,Graduate,1,17,335
79593.0,51,in_relationship,Graduate,0,19,978
54178.0,57,in_relationship,Graduate,1,10,183
42394.0,52,single,Postgraduate,1,5,27
23626.0,54,in_relationship,Postgraduate,1,10,43
30096.0,41,in_relationship,Graduate,1,6,19
47916.0,64,single,Graduate,1,22,531
51813.0,52,single,Graduate,2,7,60
78497.0,73,in_relationship,Undergraduate,0,25,680
50150.0,41,in_relationship,Postgraduate,0,16,273
47823.0,64,single,Undergraduate,1,7,59
34554.0,65,single,Postgraduate,1,7,48
85693.0,45,in_relationship,Graduate,1,27,741
65846.0,79,in_relationship,Postgraduate,0,16,919
87195.0,65,in_relationship,Graduate,0,20,983
24594.0,45,in_relationship,Undergraduate,1,5,10
49096.0,60,in_relationship,Graduate,2,13,177
52413.0,55,in_relationship,Graduate,2,26,672
38557.0,46,single,Graduate,1,9,110
89058.0,64,in_relationship,Postgraduate,0,14,754
77298.0,45,in_relationship,Graduate,1,24,832
68126.0,33,single,Postgraduate,0,17,1660
57288.0,61,in_relationship,Postgraduate,1,20,548
86037.0,33,single,Graduate,0,25,659
43974.0,44,in_relationship,Postgraduate,1,21,479
50785.0,62,single,Graduate,2,8,86
90765.0,54,in_relationship,Graduate,0,15,1458
36550.0,46,in_relationship,Undergraduate,1,20,231
30753.0,57,in_relationship,Undergraduate,2,7,42
21918.0,55,in_relationship,Graduate,1,7,14
56129.0,71,in_relationship,Postgraduate,1,22,501
32557.0,57,single,Postgraduate,1,9,66
19510.0,39,in_relationship,Postgraduate,2,6,16
30992.0,48,single,Graduate,1,5,31
101970.0,41,single,Graduate,0,27,851
71488.0,59,in_relationship,Undergraduate,0,16,319
79607.0,40,single,Graduate,0,16,1534
54348.0,71,in_relationship,Postgraduate,2,8,86
77376.0,68,in_relationship,Postgraduate,2,23,621
62998.0,72,in_relationship,Graduate,1,19,251
61331.0,66,single,Postgraduate,2,23,586
73448.0,55,in_relationship,Graduate,0,19,531
41551.0,60,in_relationship,Postgraduate,2,16,253
62981.0,57,in_relationship,Postgraduate,0,23,1400
9548.0,48,single,Undergraduate,1,6,4
33762.0,65,in_relationship,Postgraduate,3,9,88
35860.0,51,single,Postgraduate,2,6,23
36921.0,59,single,Postgraduate,2,7,30
92859.0,32,single,Postgraduate,0,22,1944
65104.0,48,in_relationship,Postgraduate,1,17,970
86111.0,62,in_relationship,Graduate,0,23,1183
68352.0,50,single,Postgraduate,1,25,762
41883.0,36,in_relationship,Graduate,1,12,107
59809.0,48,in_relationship,Graduate,2,15,755
23957.0,49,in_relationship,Graduate,1,6,21
38547.0,43,in_relationship,Graduate,1,4,17
35688.0,51,in_relationship,Undergraduate,3,16,166
49605.0,58,in_relationship,Postgraduate,0,8,87
59354.0,71,in_relationship,Postgraduate,2,16,394
65747.0,55,in_relationship,Graduate,1,19,411
46344.0,52,in_relationship,Undergraduate,1,17,310
34176.0,36,single,Graduate,1,11,36
61010.0,72,in_relationship,Postgraduate,1,26,945
69372.0,75,in_relationship,Graduate,0,21,1292
49967.0,66,single,Graduate,1,15,287
60199.0,46,single,Graduate,3,4,16
55375.0,47,in_relationship,Graduate,1,9,110
80317.0,69,single,Graduate,0,18,934
30523.0,66,single,Postgraduate,3,4,8
70356.0,79,in_relationship,Postgraduate,0,27,1614
23228.0,40,in_relationship,Graduate,1,11,105
74165.0,49,single,Postgraduate,0,20,1253
43482.0,58,in_relationship,Graduate,3,9,51
62551.0,71,single,Graduate,0,18,239
52332.0,65,single,Graduate,0,12,250
66951.0,36,single,Graduate,0,15,744
26091.0,67,in_relationship,Graduate,2,9,44
33456.0,59,in_relationship,Graduate,2,6,20
28718.0,42,in_relationship,Graduate,1,7,22
50447.0,54,in_relationship,Graduate,2,8,116
53537.0,65,in_relationship,Postgraduate,2,8,87
52074.0,57,single,Graduate,1,7,71
80427.0,49,in_relationship,Postgraduate,1,28,1669
83837.0,76,in_relationship,Postgraduate,0,25,1032
38853.0,54,in_relationship,Postgraduate,2,7,43
38285.0,65,in_relationship,Graduate,3,4,7
78497.0,73,in_relationship,Undergraduate,0,25,680
51650.0,48,in_relationship,Postgraduate,1,10,177
16248.0,36,in_relationship,Undergraduate,1,9,33
66835.0,78,in_relationship,Postgraduate,0,24,841
30477.0,40,in_relationship,Postgraduate,1,6,54
28249.0,63,in_relationship,Undergraduate,0,6,17
25271.0,41,in_relationship,Graduate,1,5,29
32303.0,54,single,Postgraduate,1,7,37
61286.0,58,in_relationship,Graduate,1,18,463
74068.0,48,in_relationship,Graduate,0,24,1350
45759.0,60,in_relationship,Postgraduate,2,7,61
24882.0,46,in_relationship,Undergraduate,1,5,15
66973.0,35,in_relationship,Postgraduate,0,28,920
38872.0,36,in_relationship,Graduate,1,8,47
51148.0,51,in_relationship,Graduate,2,16,286
31353.0,47,in_relationship,Graduate,2,6,20
69661.0,44,in_relationship,Postgraduate,0,23,778
80067.0,70,in_relationship,Graduate,0,17,1349
86718.0,70,in_relationship,Graduate,0,17,1015
46854.0,51,single,Postgraduate,2,15,176
69142.0,72,single,Graduate,1,19,486
75922.0,56,single,Graduate,0,18,956
63693.0,46,single,Graduate,1,29,967
102160.0,47,in_relationship,Postgraduate,0,26,930
40637.0,59,single,Postgraduate,2,6,35
18890.0,40,single,Postgraduate,0,4,11
29604.0,36,in_relationship,Graduate,1,5,26
48721.0,61,single,Postgraduate,2,17,212
44794.0,58,in_relationship,Graduate,1,6,61
64497.0,70,single,Graduate,1,29,1538
46097.0,68,in_relationship,Graduate,1,15,164
77972.0,70,in_relationship,Graduate,0,20,954
44377.0,56,in_relationship,Postgraduate,2,19,254
46014.0,50,in_relationship,Postgraduate,2,26,469
70951.0,39,in_relationship,Graduate,0,17,803
41443.0,47,in_relationship,Graduate,1,20,349
52195.0,46,single,Undergraduate,3,4,16
83790.0,76,in_relationship,Postgraduate,0,25,1509
44551.0,70,single,Postgraduate,1,12,219
69508.0,44,in_relationship,Graduate,1,28,1018
45204.0,36,in_relationship,Undergraduate,1,7,66
72460.0,55,in_relationship,Graduate,0,16,927
77622.0,54,in_relationship,Postgraduate,2,22,681
30732.0,44,in_relationship,Postgraduate,1,13,181
63887.0,62,single,Graduate,1,32,1127
42011.0,46,in_relationship,Graduate,1,12,147
51369.0,48,in_relationship,Graduate,1,16,383
51537.0,72,single,Graduate,1,18,1011
79930.0,52,in_relationship,Postgraduate,0,17,1618
34320.0,38,in_relationship,Postgraduate,1,4,14
37070.0,58,single,Graduate,2,23,375
81975.0,62,single,Undergraduate,1,14,1243
38590.0,53,in_relationship,Graduate,1,4,12
15033.0,73,single,Graduate,0,5,9
62745.0,59,in_relationship,Postgraduate,1,29,1047
22212.0,49,in_relationship,Undergraduate,1,8,34
23661.0,42,in_relationship,Postgraduate,1,5,22
79761.0,66,single,Postgraduate,1,19,544
7500.0,51,single,Graduate,1,11,18
73455.0,56,single,Graduate,0,22,1719
64961.0,66,in_relationship,Graduate,1,16,772
22804.0,53,single,Graduate,1,5,22
73687.0,34,in_relationship,Graduate,0,22,1215
61074.0,66,in_relationship,Graduate,1,31,922
31686.0,60,in_relationship,Postgraduate,2,6,16
80134.0,52,in_relationship,Graduate,1,16,1506
75027.0,71,in_relationship,Graduate,1,21,1168
67546.0,36,in_relationship,Postgraduate,0,20,1766
65176.0,55,in_relationship,Postgraduate,1,25,1171
31160.0,49,single,Postgraduate,1,7,44
29938.0,39,single,Graduate,1,6,13
102692.0,50,single,Graduate,0,29,760
26490.0,66,in_relationship,Undergraduate,0,11,144
75702.0,57,in_relationship,Graduate,2,26,1031
30899.0,50,single,Postgraduate,1,6,32
63342.0,63,in_relationship,Postgraduate,1,19,1057
45989.0,60,single,Graduate,1,16,258
18701.0,60,single,Graduate,2,10,18
40737.0,67,single,Postgraduate,3,4,15
15287.0,45,single,Graduate,1,6,11
69674.0,56,single,Postgraduate,2,25,810
44159.0,54,in_relationship,Postgraduate,1,15,231
37717.0,46,in_relationship,Postgraduate,1,4,15
43776.0,72,in_relationship,Postgraduate,2,17,250
38179.0,58,in_relationship,Postgraduate,2,11,64
80124.0,61,in_relationship,Graduate,0,19,965
38097.0,54,in_relationship,Postgraduate,2,11,114
72940.0,54,in_relationship,Graduate,0,13,554
22070.0,54,in_relationship,Graduate,1,8,36
69267.0,71,single,Graduate,0,14,1321
31788.0,41,single,Postgraduate,1,10,46
61905.0,49,in_relationship,Postgraduate,1,12,210
29315.0,64,in_relationship,Graduate,2,10,29
33378.0,61,single,Graduate,2,9,79
66313.0,61,in_relationship,Postgraduate,1,23,731
60714.0,68,single,Graduate,0,23,602
77882.0,43,in_relationship,Postgraduate,0,12,593
69867.0,38,single,Postgraduate,0,17,708
63841.0,56,single,Postgraduate,1,22,750
24480.0,43,in_relationship,Undergraduate,1,10,32
51369.0,48,in_relationship,Graduate,1,16,383
37760.0,78,in_relationship,Graduate,0,13,127
65640.0,50,in_relationship,Postgraduate,1,15,360
44319.0,49,in_relationship,Postgraduate,2,7,34
30631.0,50,in_relationship,Graduate,1,7,41
75278.0,72,in_relationship,Graduate,0,23,632
50898.0,68,in_relationship,Postgraduate,2,33,555
79946.0,58,single,Graduate,0,22,1143
35416.0,75,single,Postgraduate,0,16,332
32414.0,40,in_relationship,Undergraduate,0,5,31
38361.0,55,in_relationship,Graduate,1,10,95
82497.0,44,in_relationship,Graduate,0,19,1479
16626.0,53,in_relationship,Graduate,2,9,33
29672.0,59,in_relationship,Graduate,2,4,13
55951.0,72,in_relationship,Postgraduate,1,23,1321
35388.0,36,single,Undergraduate,1,5,17
42386.0,38,in_relationship,Postgraduate,1,7,85
68627.0,42,single,Graduate,0,12,673
57912.0,59,single,Postgraduate,1,28,881
35246.0,66,single,Graduate,2,11,48
58821.0,68,in_relationship,Undergraduate,1,21,681
46377.0,46,in_relationship,Postgraduate,1,7,83
39747.0,36,single,Graduate,1,13,188
23976.0,40,in_relationship,Graduate,1,10,36
80950.0,63,in_relationship,Postgraduate,0,23,784
27038.0,58,single,Graduate,0,7,52
77457.0,77,single,Graduate,0,18,1086
64100.0,60,in_relationship,Postgraduate,1,18,536
42670.0,32,in_relationship,Postgraduate,0,11,202
12571.0,48,single,Graduate,1,11,22
22574.0,57,in_relationship,Graduate,3,7,33
70893.0,48,single,Postgraduate,0,23,1373
54198.0,58,in_relationship,Graduate,2,16,213
28839.0,68,in_relationship,Postgraduate,2,7,31
40321.0,52,in_relationship,Graduate,2,8,69
66503.0,39,single,Graduate,1,15,283
30833.0,73,in_relationship,Graduate,2,6,18
64795.0,53,in_relationship,Graduate,1,21,536
34421.0,50,in_relationship,Graduate,1,4,13
47025.0,59,single,Postgraduate,2,4,19
64325.0,63,single,Postgraduate,1,23,1144
40464.0,71,single,Graduate,1,24,559
62187.0,67,in_relationship,Graduate,0,18,1067
14849.0,48,single,Postgraduate,1,9,51
27255.0,40,in_relationship,Graduate,1,5,34
54432.0,74,in_relationship,Postgraduate,3,5,38
29999.0,38,single,Postgraduate,1,12,134
24072.0,41,single,Graduate,1,4,16
33996.0,35,single,Postgraduate,0,6,57
66334.0,68,in_relationship,Postgraduate,1,19,1138
35178.0,53,in_relationship,Postgraduate,1,5,37
22010.0,41,in_relationship,Graduate,1,7,22
62204.0,64,single,Graduate,2,22,610
75693.0,56,single,Graduate,0,22,1243
30675.0,52,in_relationship,Graduate,1,5,28
83003.0,59,in_relationship,Graduate,0,22,1487
68655.0,36,single,Graduate,0,21,1307
41411.0,38,single,Graduate,0,8,107
55212.0,55,in_relationship,Postgraduate,1,20,1148
59292.0,74,in_relationship,Postgraduate,1,18,460
27190.0,51,in_relationship,Undergraduate,1,4,14
82623.0,72,single,Graduate,0,16,442
44300.0,59,in_relationship,Graduate,2,6,39
84835.0,54,single,Graduate,0,15,672
30372.0,53,single,Graduate,2,8,27
33181.0,48,in_relationship,Postgraduate,1,4,12
71113.0,67,in_relationship,Graduate,1,26,783
71952.0,38,in_relationship,Graduate,1,22,1191
69759.0,58,single,Postgraduate,0,18,986
72099.0,50,in_relationship,Graduate,0,18,1047
60000.0,48,single,Postgraduate,1,24,1265
38643.0,46,single,Graduate,2,7,38
50737.0,69,in_relationship,Graduate,1,7,89
68462.0,55,in_relationship,Postgraduate,0,15,1410
46681.0,76,in_relationship,Postgraduate,2,16,353
78618.0,67,in_relationship,Graduate,0,22,1717
62187.0,55,single,Postgraduate,1,21,595
28442.0,46,in_relationship,Graduate,2,10,32
37717.0,46,in_relationship,Postgraduate,1,4,15
51479.0,57,in_relationship,Graduate,2,22,415
54803.0,55,single,Graduate,1,19,496
79530.0,64,in_relationship,Graduate,0,26,1148
31615.0,48,single,Graduate,1,7,25
72025.0,62,in_relationship,Graduate,0,16,1415
52614.0,49,single,Postgraduate,1,16,931
35684.0,40,in_relationship,Undergraduate,1,5,21
48178.0,49,in_relationship,Graduate,2,16,208
29548.0,54,single,Postgraduate,1,5,14
63810.0,58,single,Graduate,1,23,1242
38578.0,52,single,Postgraduate,2,9,64
46098.0,49,single,Postgraduate,2,11,84
22585.0,54,single,Graduate,0,5,27
30279.0,35,single,Graduate,1,5,28
66426.0,63,in_relationship,Postgraduate,1,20,1164
30822.0,55,single,Graduate,1,5,25
33581.0,55,in_relationship,Postgraduate,2,4,16
19986.0,39,in_relationship,Graduate,1,4,14
27421.0,70,single,Graduate,0,14,151
35688.0,51,in_relationship,Undergraduate,3,16,166
36143.0,43,single,Postgraduate,1,4,13
10245.0,53,single,Graduate,1,8,18
43795.0,56,in_relationship,Postgraduate,1,17,378
63381.0,64,in_relationship,Graduate,1,26,763
38823.0,75,in_relationship,Graduate,1,7,81
83664.0,56,single,Postgraduate,2,19,1038
90300.0,45,in_relationship,Graduate,0,19,1514
62499.0,45,in_relationship,Postgraduate,1,12,205
74293.0,31,single,Graduate,0,16,862
51012.0,78,in_relationship,Postgraduate,0,10,174
70777.0,56,in_relationship,Postgraduate,1,23,702
68682.0,33,in_relationship,Postgraduate,0,24,1424
43824.0,53,in_relationship,Graduate,2,12,139
15345.0,40,in_relationship,Graduate,1,6,23
23442.0,37,single,Graduate,1,5,8
14515.0,44,in_relationship,Undergraduate,1,11,19
31395.0,68,single,Undergraduate,2,10,49
75276.0,59,in_relationship,Graduate,0,23,840
42373.0,50,single,Graduate,2,13,133
30507.0,64,in_relationship,Graduate,0,11,175
55521.0,69,single,Postgraduate,3,24,442
48006.0,59,in_relationship,Graduate,2,5,34
27213.0,52,single,Postgraduate,1,9,48
65808.0,53,single,Postgraduate,2,14,242
30351.0,50,in_relationship,Postgraduate,1,6,38
50437.0,61,in_relationship,Graduate,2,19,471
23616.0,42,single,Undergraduate,1,8,37
53858.0,48,in_relationship,Graduate,1,17,681
66465.0,69,in_relationship,Postgraduate,1,35,1404
46923.0,37,single,Graduate,1,16,183
75072.0,62,in_relationship,Graduate,1,19,926
19789.0,49,in_relationship,Undergraduate,1,9,16
80134.0,30,in_relationship,Graduate,0,21,1274
91065.0,43,single,Graduate,0,26,1044
49505.0,53,in_relationship,Postgraduate,2,29,704
37401.0,51,in_relationship,Postgraduate,1,7,41
30096.0,41,in_relationship,Graduate,1,6,19
18492.0,42,in_relationship,Postgraduate,1,4,6
82584.0,50,in_relationship,Postgraduate,0,16,1247
48686.0,71,in_relationship,Graduate,3,4,17
92910.0,38,in_relationship,Graduate,0,27,1480
75433.0,35,in_relationship,Graduate,1,19,1097
10404.0,35,in_relationship,Undergraduate,1,7,15
61314.0,56,in_relationship,Graduate,1,24,567
84865.0,63,single,Postgraduate,0,16,1613
42387.0,35,in_relationship,Graduate,1,21,470
67309.0,57,in_relationship,Undergraduate,2,39,743
75236.0,60,in_relationship,Graduate,1,25,904
30015.0,54,single,Graduate,1,7,47
50943.0,68,in_relationship,Postgraduate,1,5,38
67272.0,58,single,Graduate,1,23,663
51529.0,75,single,Postgraduate,1,17,439
32011.0,53,in_relationship,Postgraduate,1,10,114
7500.0,38,in_relationship,Undergraduate,1,7,17
28691.0,35,in_relationship,Graduate,1,5,22
56223.0,76,in_relationship,Postgraduate,1,10,136
18100.0,78,in_relationship,Graduate,0,4,6
30279.0,35,single,Graduate,1,5,28
20130.0,50,in_relationship,Undergraduate,0,5,9
23295.0,65,single,Graduate,0,4,1
42618.0,52,single,Postgraduate,1,11,164
81246.0,60,single,Graduate,0,17,1125
24027.0,48,in_relationship,Graduate,1,7,32
55707.0,71,in_relationship,Postgraduate,1,16,297
57959.0,69,single,Graduate,1,27,768
56796.0,55,in_relationship,Graduate,1,27,855
36230.0,53,single,Postgraduate,1,7,46
70829.0,44,in_relationship,Undergraduate,2,16,317
65991.0,48,in_relationship,Graduate,1,27,890
38988.0,52,in_relationship,Graduate,3,19,291
89572.0,58,single,Undergraduate,0,24,1604
42207.0,40,in_relationship,Postgraduate,1,14,199
50300.0,72,in_relationship,Graduate,1,13,218
66664.0,42,in_relationship,Undergraduate,0,19,941
60597.0,60,in_relationship,Graduate,1,16,779
70165.0,75,single,Graduate,0,22,414
50520.0,66,single,Postgraduate,1,9,118
80124.0,61,in_relationship,Graduate,0,19,965
33183.0,49,in_relationship,Graduate,1,9,51
66582.0,55,single,Postgraduate,0,20,1234
75261.0,69,in_relationship,Postgraduate,0,17,1669
31880.0,54,single,Graduate,1,4,10
53790.0,73,in_relationship,Graduate,2,20,504
49269.0,53,in_relationship,Postgraduate,1,25,813
61456.0,49,in_relationship,Graduate,1,33,1023
37406.0,44,in_relationship,Graduate,1,4,10
56937.0,43,in_relationship,Postgraduate,1,30,879
38415.0,46,in_relationship,Graduate,2,6,36
20518.0,36,single,Graduate,1,5,11
62503.0,68,in_relationship,Graduate,1,26,671
41644.0,52,single,Postgraduate,2,6,27
55842.0,47,in_relationship,Postgraduate,1,17,490
62010.0,52,in_relationship,Postgraduate,1,19,432
41124.0,47,in_relationship,Graduate,1,21,372
38961.0,51,in_relationship,Postgraduate,1,6,45
37760.0,52,single,Postgraduate,1,6,42
32233.0,50,single,Graduate,1,12,188
43057.0,49,in_relationship,Graduate,1,15,259
83151.0,64,in_relationship,Postgraduate,0,19,535
78825.0,60,single,Postgraduate,0,29,671
65104.0,48,in_relationship,Postgraduate,1,17,970
60093.0,50,in_relationship,Graduate,1,21,623
14045.0,55,in_relationship,Graduate,1,5,16
28457.0,72,single,Undergraduate,0,10,133
78952.0,66,in_relationship,Postgraduate,1,21,1783
46310.0,48,single,Graduate,1,14,275
76005.0,69,in_relationship,Graduate,0,22,1392
58308.0,60,single,Postgraduate,1,15,760
59432.0,62,single,Postgraduate,1,22,607
55563.0,46,single,Graduate,1,6,39
78642.0,53,in_relationship,Postgraduate,1,18,1718
67911.0,75,in_relationship,Postgraduate,1,27,885
27203.0,74,in_relationship,Graduate,2,6,36
48330.0,63,in_relationship,Postgraduate,1,5,32
24279.0,34,in_relationship,Undergraduate,0,9,73
64355.0,39,in_relationship,Postgraduate,1,21,1187
50943.0,68,in_relationship,Postgraduate,1,5,38
53653.0,71,single,Graduate,0,28,1064
65665.0,48,in_relationship,Graduate,1,24,774
81217.0,35,single,Graduate,0,22,887
34935.0,32,in_relationship,Graduate,0,8,104
61250.0,65,single,Graduate,1,25,585
39665.0,43,in_relationship,Postgraduate,1,12,184
60152.0,45,single,Graduate,1,23,708
48920.0,60,in_relationship,Graduate,2,16,323
89120.0,65,in_relationship,Postgraduate,0,19,1668
44124.0,78,in_relationship,Postgraduate,1,17,339
81169.0,49,single,Postgraduate,0,22,1921
36443.0,63,in_relationship,Graduate,2,11,111
26095.0,34,single,Graduate,1,5,27
71367.0,65,in_relationship,Graduate,0,17,639
30630.0,59,single,Graduate,2,7,40
73454.0,37,single,Postgraduate,0,13,1406
42691.0,33,in_relationship,Graduate,0,13,245
70503.0,71,in_relationship,Graduate,0,16,1628
25545.0,37,in_relationship,Graduate,1,10,97
32880.0,38,in_relationship,Graduate,1,5,27
77863.0,66,in_relationship,Postgraduate,0,20,1238
50353.0,47,in_relationship,Postgraduate,0,15,309
61839.0,60,single,Graduate,0,17,1534
49154.0,64,in_relationship,Postgraduate,2,19,283
47682.0,49,single,Undergraduate,1,19,306
72679.0,55,single,Graduate,1,17,933
57954.0,47,in_relationship,Postgraduate,2,23,484
65316.0,62,in_relationship,Graduate,2,12,210
28567.0,42,single,Graduate,1,7,36
47352.0,73,in_relationship,Postgraduate,1,16,296
44931.0,57,in_relationship,Graduate,1,7,89
76982.0,57,single,Graduate,0,16,907
57247.0,72,in_relationship,Undergraduate,1,12,135
22944.0,43,single,Postgraduate,1,9,41
25315.0,47,in_relationship,Undergraduate,1,9,18
43638.0,55,single,Graduate,1,11,156
42710.0,40,single,Postgraduate,1,14,297
84169.0,42,in_relationship,Postgraduate,0,20,1900
54058.0,48,in_relationship,Graduate,1,20,468
24683.0,34,in_relationship,Undergraduate,1,8,22
85620.0,60,single,Graduate,0,14,1387
47850.0,44,in_relationship,Graduate,1,8,92
19514.0,56,in_relationship,Graduate,2,10,38
27159.0,51,in_relationship,Postgraduate,2,6,20
39548.0,61,single,Undergraduate,2,7,29
21474.0,35,single,Graduate,1,8,46
60504.0,53,single,Postgraduate,1,18,482
22419.0,61,in_relationship,Graduate,0,8,80
81698.0,75,in_relationship,Postgraduate,0,25,727
43462.0,72,in_relationship,Graduate,2,16,204
54880.0,46,single,Postgraduate,1,21,530
79908.0,42,in_relationship,Graduate,0,19,1447
15315.0,54,in_relationship,Undergraduate,0,8,24
87771.0,65,in_relationship,Graduate,1,20,1817
33039.0,46,in_relationship,Graduate,1,7,50
81741.0,44,single,Graduate,0,19,1342
71499.0,53,in_relationship,Postgraduate,1,26,622
62466.0,54,in_relationship,Undergraduate,1,26,517
48799.0,61,single,Postgraduate,1,15,273
52157.0,74,in_relationship,Postgraduate,1,12,220
66565.0,62,single,Graduate,1,19,918
29298.0,73,in_relationship,Postgraduate,2,4,8
47691.0,45,single,Graduate,1,4,17
38200.0,54,in_relationship,Graduate,2,4,16
44989.0,50,in_relationship,Graduate,1,16,204
38443.0,56,in_relationship,Postgraduate,2,6,37
38593.0,46,single,Undergraduate,1,11,112
64413.0,54,in_relationship,Postgraduate,1,12,249
36959.0,43,in_relationship,Postgraduate,1,7,56
61996.0,47,in_relationship,Postgraduate,1,21,1206
51287.0,56,in_relationship,Graduate,2,11,139
13260.0,54,in_relationship,Graduate,2,10,30
47472.0,58,in_relationship,Postgraduate,2,8,67
54603.0,68,in_relationship,Postgraduate,2,16,204
45207.0,50,in_relationship,Postgraduate,2,15,213
40689.0,73,in_relationship,Graduate,1,20,300
47821.0,57,in_relationship,Undergraduate,2,5,25
27450.0,73,in_relationship,Postgraduate,0,7,72
39453.0,41,in_relationship,Graduate,1,7,53
26850.0,53,in_relationship,Undergraduate,2,11,45
79800.0,69,single,Graduate,0,22,1611
61794.0,63,in_relationship,Postgraduate,1,20,499
53863.0,69,in_relationship,Graduate,1,18,433
24221.0,65,in_relationship,Graduate,0,6,26
39684.0,40,single,Postgraduate,1,7,54
92163.0,49,in_relationship,Postgraduate,0,21,1797
69882.0,59,single,Postgraduate,0,20,1054
33178.0,47,in_relationship,Graduate,1,5,20
59973.0,52,in_relationship,Postgraduate,0,15,328
17459.0,49,in_relationship,Postgraduate,1,9,26
23910.0,55,single,Graduate,1,6,46
42169.0,55,in_relationship,Postgraduate,2,6,28
26224.0,46,in_relationship,Undergraduate,1,9,26
31089.0,43,in_relationship,Graduate,1,10,65
30081.0,63,single,Graduate,1,5,38
62807.0,64,in_relationship,Graduate,1,23,689
72906.0,69,single,Graduate,0,17,951
61467.0,76,in_relationship,Postgraduate,2,20,540
49618.0,58,in_relationship,Postgraduate,2,11,109
21888.0,38,single,Postgraduate,1,12,144
42429.0,51,single,Graduate,1,7,61
26150.0,68,single,Graduate,3,5,19
30801.0,49,in_relationship,Undergraduate,1,6,17
81168.0,59,in_relationship,Graduate,0,18,1002
26877.0,55,single,Postgraduate,0,12,190
18978.0,51,in_relationship,Undergraduate,1,5,11
22574.0,57,in_relationship,Graduate,3,7,33
48240.0,55,single,Postgraduate,0,25,728
45837.0,50,in_relationship,Graduate,2,18,315
35791.0,59,single,Postgraduate,3,6,32
54162.0,46,single,Graduate,2,5,21
30522.0,64,in_relationship,Postgraduate,1,17,270
54456.0,63,in_relationship,Postgraduate,1,17,379
31632.0,53,single,Graduate,0,6,37
72298.0,75,single,Graduate,0,14,829
36975.0,46,single,Undergraduate,1,5,27
72635.0,69,in_relationship,Undergraduate,0,21,735
13624.0,48,in_relationship,Graduate,1,7,27
84196.0,49,single,Graduate,1,20,785
70971.0,64,in_relationship,Graduate,1,34,1590
34487.0,47,single,Postgraduate,2,9,70
28769.0,47,single,Graduate,1,12,175
69084.0,54,in_relationship,Postgraduate,1,25,1487
65488.0,66,in_relationship,Postgraduate,0,14,855
62466.0,54,in_relationship,Undergraduate,1,26,517
32218.0,64,single,Undergraduate,0,7,49
83917.0,51,single,Graduate,0,21,1268
46102.0,62,single,Graduate,3,4,15
84574.0,72,single,Graduate,0,32,1120
56181.0,62,in_relationship,Graduate,1,14,293
63120.0,74,single,Postgraduate,1,26,1313
73691.0,53,in_relationship,Graduate,1,18,978
63381.0,64,in_relationship,Graduate,1,26,763
76140.0,76,in_relationship,Postgraduate,0,21,1305
62859.0,65,single,Postgraduate,1,23,1254
45906.0,60,single,Graduate,1,15,335
77632.0,77,in_relationship,Postgraduate,0,13,2063
46463.0,53,in_relationship,Postgraduate,2,17,205
105471.0,54,in_relationship,Graduate,0,30,1294
55282.0,54,single,Postgraduate,1,11,204
78710.0,47,in_relationship,Postgraduate,1,28,873
66886.0,66,in_relationship,Graduate,1,17,381
98777.0,64,single,Postgraduate,0,19,1730
29103.0,39,in_relationship,Graduate,1,6,33
67445.0,50,in_relationship,Graduate,1,32,1054
50616.0,74,in_relationship,Postgraduate,1,7,57
49431.0,69,single,Graduate,1,15,322
61278.0,71,in_relationship,Graduate,1,10,142
26490.0,66,in_relationship,Undergraduate,0,11,144
73059.0,77,in_relationship,Postgraduate,1,26,942
46734.0,58,single,Postgraduate,3,12,140
56253.0,61,in_relationship,Graduate,1,22,574
19986.0,39,in_relationship,Graduate,1,4,14
58330.0,49,single,Graduate,1,24,711
25965.0,44,in_relationship,Undergraduate,0,6,15
14661.0,68,in_relationship,Postgraduate,0,5,16
18690.0,65,in_relationship,Graduate,0,5,14
45068.0,50,in_relationship,Postgraduate,1,4,17
21063.0,37,single,Undergraduate,1,7,22
29187.0,56,in_relationship,Postgraduate,1,5,32
54690.0,53,in_relationship,Undergraduate,2,12,164
59304.0,60,in_relationship,Postgraduate,1,28,907
59247.0,62,single,Postgraduate,2,21,458
66731.0,54,single,Graduate,1,17,724
77353.0,44,in_relationship,Graduate,1,20,441
52614.0,49,single,Postgraduate,1,16,931
26751.0,50,in_relationship,Graduate,2,4,7
81300.0,61,in_relationship,Postgraduate,1,21,1161
70337.0,45,single,Graduate,0,17,417
36145.0,39,in_relationship,Undergraduate,1,12,136
65295.0,44,single,Postgraduate,0,20,514
68118.0,61,single,Graduate,1,23,741
68743.0,57,single,Graduate,0,30,1650
41039.0,42,in_relationship,Undergraduate,0,15,182
38946.0,69,in_relationship,Graduate,1,12,204
65777.0,57,in_relationship,Graduate,0,17,1032
66476.0,48,single,Postgraduate,1,20,516
86857.0,52,single,Postgraduate,0,22,1839
77845.0,35,in_relationship,Postgraduate,0,21,1280
69476.0,55,in_relationship,Postgraduate,0,15,905
50611.0,64,single,Postgraduate,1,22,483
61209.0,54,single,Graduate,0,13,690
42315.0,66,in_relationship,Postgraduate,1,12,162
13084.0,72,in_relationship,Undergraduate,0,5,9
47570.0,75,single,Postgraduate,2,9,88
61923.0,63,in_relationship,Postgraduate,2,8,114
34824.0,29,single,Graduate,0,4,17
26518.0,75,single,Postgraduate,2,8,49
45938.0,63,single,Graduate,0,20,462
78468.0,64,in_relationship,Graduate,0,28,844
78901.0,51,single,Graduate,1,20,641
71427.0,46,in_relationship,Graduate,2,20,512
71022.0,46,single,Graduate,1,21,1199
90247.0,36,single,Postgraduate,0,15,1568
41335.0,56,single,Postgraduate,1,12,152
71952.0,38,in_relationship,Graduate,1,22,1191
35682.0,54,single,Postgraduate,1,6,31
43185.0,73,single,Graduate,1,20,585
66375.0,76,in_relationship,Postgraduate,1,14,757
35178.0,53,in_relationship,Postgraduate,1,5,37
25252.0,38,in_relationship,Graduate,1,4,8
55250.0,59,single,Postgraduate,1,26,805
33249.0,49,single,Graduate,1,8,37
58398.0,71,in_relationship,Graduate,0,20,505
50272.0,42,in_relationship,Graduate,1,13,178
76618.0,49,in_relationship,Postgraduate,0,11,1083
87305.0,64,single,Undergraduate,0,17,871
25851.0,46,in_relationship,Graduate,1,7,31
58710.0,54,single,Graduate,1,31,889
45160.0,66,single,Graduate,2,4,15
74806.0,59,in_relationship,Postgraduate,1,16,928
59111.0,70,in_relationship,Graduate,0,21,658
18988.0,40,in_relationship,Postgraduate,1,6,12
72190.0,59,in_relationship,Graduate,0,16,1360
7500.0,48,in_relationship,Graduate,1,12,19
44794.0,58,in_relationship,Graduate,1,6,61
80395.0,69,in_relationship,Graduate,0,24,1176
75012.0,48,single,Postgraduate,0,23,654
56962.0,59,in_relationship,Postgraduate,3,21,372
89891.0,33,in_relationship,Graduate,0,26,566
35946.0,75,single,Postgraduate,2,4,11
53593.0,71,in_relationship,Postgraduate,2,23,431
66373.0,46,in_relationship,Graduate,2,23,461
45072.0,76,single,Postgraduate,3,16,245
89694.0,51,single,Graduate,2,14,1365
72025.0,75,in_relationship,Graduate,0,26,1584
67432.0,51,in_relationship,Graduate,1,19,852
70545.0,72,in_relationship,Postgraduate,1,13,240
17487.0,35,in_relationship,Undergraduate,1,4,1
62882.0,55,in_relationship,Graduate,1,20,1139
64108.0,71,single,Postgraduate,1,30,1044
34941.0,68,in_relationship,Postgraduate,2,8,66
48767.0,74,single,Postgraduate,3,9,50
38702.0,46,in_relationship,Undergraduate,1,9,48
82224.0,60,in_relationship,Graduate,0,21,693
83844.0,72,in_relationship,Graduate,0,20,1277
17003.0,49,in_relationship,Undergraduate,1,9,19
71163.0,29,single,Graduate,0,24,672
33697.0,54,single,Graduate,1,4,14
63564.0,70,in_relationship,Undergraduate,0,28,1101
83443.0,52,in_relationship,Postgraduate,0,22,1302
51518.0,66,in_relationship,Postgraduate,1,17,424
58330.0,49,single,Graduate,1,24,711
80952.0,55,in_relationship,Graduate,0,25,1645
75507.0,45,in_relationship,Graduate,0,21,1176
63855.0,46,in_relationship,Undergraduate,0,24,708
62220.0,52,in_relationship,Postgraduate,1,23,1186
58512.0,60,in_relationship,Graduate,1,20,1006
40662.0,45,in_relationship,Postgraduate,1,8,65
38829.0,65,in_relationship,Postgraduate,1,8,83
35523.0,43,in_relationship,Undergraduate,1,8,38
79146.0,57,single,Graduate,2,19,484
78285.0,36,in_relationship,Postgraduate,0,21,1145
31626.0,46,single,Postgraduate,1,6,49
75127.0,72,single,Graduate,0,19,543
48726.0,69,in_relationship,Graduate,1,12,179
74985.0,47,in_relationship,Graduate,0,17,1536
67430.0,37,in_relationship,Graduate,0,29,983
46891.0,59,in_relationship,Undergraduate,1,8,78
62058.0,68,in_relationship,Postgraduate,1,18,382
72063.0,45,in_relationship,Graduate,1,21,560
78939.0,73,in_relationship,Postgraduate,0,20,1152
42720.0,59,single,Graduate,2,25,488
33622.0,52,in_relationship,Graduate,2,9,62
6835.0,67,in_relationship,Postgraduate,1,1,121
41452.0,71,in_relationship,Graduate,2,4,16
40760.0,59,single,Postgraduate,1,8,87
74250.0,66,in_relationship,Postgraduate,0,18,1083
51124.0,69,single,Postgraduate,2,6,38
72258.0,53,single,Graduate,1,22,1044
71466.0,50,single,Postgraduate,0,19,970
36283.0,48,in_relationship,Graduate,2,6,16
20587.0,54,single,Graduate,1,5,11
30467.0,52,in_relationship,Graduate,1,4,12
31590.0,52,in_relationship,Graduate,1,5,23
20425.0,38,in_relationship,Undergraduate,1,7,21
17144.0,64,in_relationship,Postgraduate,2,12,39
42564.0,56,single,Postgraduate,1,24,558
43783.0,46,in_relationship,Postgraduate,1,22,461
40780.0,48,single,Graduate,1,17,327
62847.0,79,in_relationship,Postgraduate,0,14,1395
82017.0,67,in_relationship,Postgraduate,0,17,653
16813.0,74,single,Graduate,0,6,23
51267.0,46,in_relationship,Graduate,2,15,249
46524.0,63,single,Graduate,1,9,85
45183.0,62,single,Postgraduate,0,13,282
70421.0,70,in_relationship,Postgraduate,1,23,643
60161.0,59,single,Undergraduate,1,26,840
73926.0,51,in_relationship,Graduate,0,24,1315
19329.0,56,in_relationship,Graduate,1,10,41
61872.0,54,in_relationship,Postgraduate,1,21,494
46984.0,68,single,Graduate,2,5,30
34838.0,73,in_relationship,Graduate,2,10,80
48192.0,66,in_relationship,Graduate,0,25,1286
49681.0,48,in_relationship,Postgraduate,2,21,437
56850.0,53,in_relationship,Postgraduate,1,6,54
55267.0,67,in_relationship,Graduate,1,17,325
59666.0,52,in_relationship,Graduate,2,20,854
72504.0,52,single,Graduate,1,22,1100
26872.0,43,in_relationship,Graduate,0,5,21
21359.0,52,single,Graduate,1,7,31
73170.0,49,single,Graduate,0,16,614
52750.0,69,in_relationship,Postgraduate,1,27,632
91820.0,38,in_relationship,Postgraduate,0,22,1230
65968.0,54,in_relationship,Postgraduate,1,18,468
30772.0,48,in_relationship,Graduate,2,4,13
22507.0,70,single,Graduate,0,19,294
65685.0,52,in_relationship,Graduate,1,21,705
25804.0,46,in_relationship,Undergraduate,1,7,24
76412.0,44,single,Postgraduate,0,18,1697
22063.0,52,in_relationship,Graduate,1,7,30
57091.0,63,single,Graduate,0,18,533
22419.0,61,in_relationship,Graduate,0,8,80
87771.0,65,in_relationship,Graduate,1,20,1817
78353.0,65,single,Undergraduate,1,24,1350
93404.0,70,in_relationship,Graduate,3,17,1581
37859.0,62,single,Graduate,3,6,31
80995.0,66,single,Postgraduate,1,22,1297
16529.0,40,in_relationship,Graduate,1,5,8
55412.0,48,single,Postgraduate,2,6,43
48789.0,32,single,Graduate,0,18,523
56575.0,57,in_relationship,Postgraduate,2,20,516
25130.0,44,in_relationship,Undergraduate,1,7,14
35441.0,57,in_relationship,Graduate,2,6,35
71391.0,68,in_relationship,Graduate,1,28,733
49494.0,52,single,Postgraduate,1,14,297
81702.0,44,single,Graduate,0,27,1387
45889.0,44,single,Undergraduate,1,5,37
56628.0,47,single,Graduate,1,20,566
34026.0,74,in_relationship,Graduate,2,9,39
40049.0,50,in_relationship,Graduate,1,14,208
34176.0,36,single,Graduate,1,11,36
19419.0,43,in_relationship,Graduate,1,11,44
82504.0,64,in_relationship,Undergraduate,0,17,843
81205.0,54,in_relationship,Graduate,0,19,1727
61618.0,33,single,Undergraduate,0,19,1095
55284.0,68,single,Postgraduate,1,23,694
49980.0,61,single,Graduate,1,11,159
15072.0,44,in_relationship,Graduate,2,11,25
49166.0,50,single,Graduate,1,13,251
65324.0,70,in_relationship,Postgraduate,1,20,486
82347.0,67,in_relationship,Undergraduate,0,25,1455
30843.0,58,in_relationship,Postgraduate,2,6,26
46374.0,50,in_relationship,Postgraduate,1,18,429
60474.0,45,single,Graduate,1,31,767
38576.0,51,in_relationship,Postgraduate,1,5,41
55357.0,39,in_relationship,Graduate,2,22,554
37758.0,58,in_relationship,Graduate,2,6,39
85710.0,35,in_relationship,Undergraduate,0,26,970
23228.0,55,in_relationship,Graduate,1,7,33
44602.0,55,in_relationship,Postgraduate,2,17,258
7500.0,37,in_relationship,Graduate,0,4,5
38683.0,35,in_relationship,Undergraduate,1,17,150
49514.0,49,single,Undergraduate,1,13,205
57906.0,51,in_relationship,Postgraduate,1,17,373
43456.0,58,single,Postgraduate,1,17,354
19485.0,38,single,Postgraduate,2,4,10
53172.0,46,in_relationship,Graduate,1,16,273
30545.0,45,in_relationship,Graduate,1,7,31
70123.0,41,in_relationship,Postgraduate,0,17,1704
62450.0,65,single,Graduate,1,16,829
21675.0,48,in_relationship,Graduate,1,10,20
42395.0,43,single,Undergraduate,2,12,118
61346.0,46,in_relationship,Postgraduate,1,23,788
80812.0,71,in_relationship,Graduate,0,18,1291
42835.0,53,single,Postgraduate,2,23,476
39922.0,41,in_relationship,Graduate,1,9,100
86424.0,68,single,Postgraduate,0,28,1024
17117.0,46,in_relationship,Undergraduate,1,11,73
24762.0,52,single,Graduate,1,9,28
35797.0,49,in_relationship,Graduate,1,7,42
36627.0,49,single,Graduate,2,4,15
51111.0,43,in_relationship,Undergraduate,2,7,41
86857.0,52,single,Postgraduate,0,22,1839
82072.0,54,in_relationship,Postgraduate,0,19,1629
46231.0,71,single,Postgraduate,3,15,246
42243.0,65,in_relationship,Graduate,2,7,50
51195.0,62,in_relationship,Graduate,2,24,400
68092.0,46,single,Postgraduate,0,20,1119
31814.0,51,in_relationship,Graduate,1,7,58
51390.0,59,single,Postgraduate,2,18,272
76630.0,41,in_relationship,Graduate,0,25,732
26868.0,33,single,Undergraduate,1,4,1
55260.0,52,single,Postgraduate,1,25,886
64090.0,68,in_relationship,Graduate,1,20,535
78331.0,66,single,Graduate,1,25,1248
37087.0,50,in_relationship,Postgraduate,1,17,383
21846.0,38,single,Graduate,1,11,42
81320.0,66,in_relationship,Graduate,0,18,709
54137.0,54,single,Graduate,1,11,182
66825.0,57,in_relationship,Graduate,0,16,749
57100.0,51,in_relationship,Graduate,0,13,271
58917.0,55,in_relationship,Graduate,3,16,247
85072.0,47,single,Graduate,0,18,977
86429.0,63,single,Graduate,0,18,1365
45684.0,53,single,Graduate,1,4,11
47889.0,50,in_relationship,Graduate,1,6,58
45921.0,38,in_relationship,Postgraduate,0,10,160
78420.0,58,single,Postgraduate,0,22,1306
75114.0,32,in_relationship,Graduate,0,19,1106
52278.0,61,single,Postgraduate,1,31,1024
35641.0,52,in_relationship,Postgraduate,1,10,133
95529.0,30,single,Graduate,0,18,1689
62820.0,70,in_relationship,Graduate,0,14,724
73113.0,64,in_relationship,Postgraduate,0,15,914
84169.0,42,in_relationship,Postgraduate,0,20,1900
42607.0,70,single,Undergraduate,1,14,241
74637.0,70,single,Postgraduate,0,25,1488
46015.0,69,in_relationship,Postgraduate,2,5,40
72354.0,31,single,Graduate,0,19,814
39858.0,55,single,Postgraduate,1,7,60
34469.0,76,in_relationship,Postgraduate,2,9,45
83033.0,38,in_relationship,Graduate,1,26,1342
24401.0,45,in_relationship,Postgraduate,0,16,318
77583.0,46,in_relationship,Graduate,0,19,779
74116.0,42,single,Undergraduate,0,19,1686
74293.0,31,single,Graduate,0,16,862
68397.0,48,in_relationship,Postgraduate,1,21,1306
79632.0,50,in_relationship,Postgraduate,0,20,981
46107.0,35,single,Graduate,1,7,67
64950.0,73,single,Postgraduate,1,25,891
25443.0,35,in_relationship,Undergraduate,1,5,8
75127.0,72,single,Graduate,0,19,543
32892.0,53,in_relationship,Postgraduate,1,8,41
71796.0,53,in_relationship,Graduate,0,17,686
67536.0,54,in_relationship,Postgraduate,1,30,1700
55239.0,53,single,Graduate,1,26,626
60554.0,49,single,Postgraduate,1,23,671
64831.0,72,single,Undergraduate,2,22,815
56067.0,62,in_relationship,Postgraduate,1,20,583
82025.0,41,single,Graduate,0,12,971
94384.0,71,in_relationship,Graduate,0,18,1925
14906.0,38,single,Undergraduate,0,9,28
51563.0,37,in_relationship,Postgraduate,0,19,1214
57937.0,42,in_relationship,Undergraduate,1,20,447
68274.0,45,single,Graduate,2,13,211
39771.0,47,in_relationship,Graduate,1,6,26
67893.0,49,single,Undergraduate,1,16,881
27922.0,45,in_relationship,Postgraduate,1,6,24
52190.0,48,in_relationship,Postgraduate,2,9,59
44051.0,51,single,Postgraduate,2,12,144
42767.0,53,single,Postgraduate,2,7,69
46106.0,48,in_relationship,Postgraduate,2,5,38
16927.0,48,in_relationship,Postgraduate,2,12,45
59754.0,59,in_relationship,Graduate,1,16,186
53700.0,72,single,Graduate,1,22,501
59041.0,51,in_relationship,Graduate,2,8,86
54237.0,67,single,Postgraduate,1,16,300
70647.0,57,single,Graduate,1,26,817
52597.0,62,single,Postgraduate,1,20,529
41021.0,55,in_relationship,Postgraduate,1,7,30
40233.0,49,in_relationship,Postgraduate,1,13,130
50183.0,44,in_relationship,Graduate,2,17,193
54753.0,65,in_relationship,Graduate,1,21,531
92955.0,51,in_relationship,Graduate,0,23,1639
33471.0,51,in_relationship,Graduate,1,10,72
34596.0,50,in_relationship,Postgraduate,1,4,16
44010.0,44,in_relationship,Graduate,1,24,456
84219.0,36,in_relationship,Graduate,0,18,971
40706.0,56,in_relationship,Postgraduate,3,11,70
15716.0,36,in_relationship,Undergraduate,1,10,51
59052.0,65,single,Undergraduate,1,18,340
80573.0,53,in_relationship,Postgraduate,0,24,1397
83715.0,62,in_relationship,Graduate,0,24,733
82576.0,65,in_relationship,Postgraduate,0,19,1706
56962.0,59,in_relationship,Postgraduate,3,21,372
35704.0,72,in_relationship,Graduate,2,9,51
53103.0,70,in_relationship,Graduate,1,28,879
46779.0,64,single,Undergraduate,2,4,16
4861.0,59,single,Graduate,0,0,4
33462.0,45,single,Postgraduate,1,6,43
63693.0,46,single,Graduate,1,29,967
80763.0,74,in_relationship,Graduate,0,23,950
65352.0,50,in_relationship,Postgraduate,1,16,371
82170.0,46,in_relationship,Postgraduate,0,19,1767
75759.0,55,in_relationship,Graduate,0,26,2124
79689.0,48,single,Undergraduate,0,27,977
35340.0,68,single,Postgraduate,2,7,39
85683.0,70,single,Graduate,0,17,1624
24884.0,52,in_relationship,Undergraduate,1,4,16
42021.0,43,in_relationship,Postgraduate,1,22,534
64449.0,35,single,Graduate,1,24,563
64587.0,70,single,Graduate,2,8,82
34824.0,29,single,Graduate,0,4,17
75437.0,46,in_relationship,Graduate,0,23,1340
26091.0,67,in_relationship,Graduate,2,9,44
52845.0,51,in_relationship,Graduate,1,25,701
46086.0,68,single,Graduate,1,16,284
78028.0,68,single,Postgraduate,1,20,465
95169.0,37,single,Postgraduate,0,12,1755
56337.0,43,in_relationship,Undergraduate,2,22,509
22434.0,37,in_relationship,Graduate,1,7,27
36930.0,70,in_relationship,Postgraduate,1,16,256
36130.0,70,single,Graduate,1,21,327
65569.0,71,in_relationship,Postgraduate,1,23,731
83844.0,72,in_relationship,Graduate,0,20,1277
19514.0,56,in_relationship,Graduate,2,10,38
36736.0,61,single,Postgraduate,2,4,13
77568.0,45,in_relationship,Graduate,1,21,1626
49187.0,48,in_relationship,Postgraduate,1,8,113
30168.0,46,single,Graduate,1,18,240
34053.0,56,in_relationship,Postgraduate,1,7,84
38196.0,53,in_relationship,Postgraduate,2,9,41
59412.0,73,in_relationship,Postgraduate,0,15,322
70924.0,59,in_relationship,Undergraduate,0,20,1003
54165.0,55,in_relationship,Graduate,0,11,204
32300.0,51,in_relationship,Graduate,1,5,22
20180.0,48,single,Graduate,0,8,84
34961.0,51,in_relationship,Graduate,1,10,73
28440.0,50,in_relationship,Postgraduate,1,6,63
64504.0,71,in_relationship,Postgraduate,3,25,1190
33564.0,58,in_relationship,Postgraduate,1,6,64
17345.0,46,in_relationship,Graduate,1,7,29
56320.0,57,in_relationship,Postgraduate,1,21,426
28647.0,46,single,Graduate,1,7,56
15038.0,37,single,Undergraduate,1,7,23
32173.0,66,single,Postgraduate,1,5,20
68316.0,60,in_relationship,Undergraduate,1,32,1047
74538.0,53,in_relationship,Graduate,0,22,1211
91700.0,53,single,Graduate,0,20,1709
68695.0,55,in_relationship,Graduate,0,16,895
31056.0,47,in_relationship,Undergraduate,1,5,28
79593.0,51,in_relationship,Graduate,0,19,978
28071.0,44,single,Graduate,0,13,202
37334.0,66,in_relationship,Postgraduate,2,11,43
46423.0,52,single,Postgraduate,2,9,84
37126.0,53,in_relationship,Postgraduate,1,6,57
47703.0,71,in_relationship,Graduate,1,21,493
61180.0,65,in_relationship,Graduate,1,18,456
38998.0,70,in_relationship,Graduate,2,8,49
8028.0,33,single,Graduate,0,16,157
76081.0,62,in_relationship,Graduate,0,14,737
34728.0,38,in_relationship,Graduate,1,5,30
33168.0,59,single,Postgraduate,1,10,118
33585.0,58,in_relationship,Postgraduate,1,7,74
77037.0,64,in_relationship,Postgraduate,1,27,892
35196.0,40,in_relationship,Graduate,1,18,228
44529.0,58,in_relationship,Graduate,1,25,642
70924.0,59,in_relationship,Undergraduate,0,20,1003
28764.0,58,in_relationship,Postgraduate,2,4,11
69098.0,75,in_relationship,Postgraduate,0,25,2117
25959.0,54,single,Undergraduate,2,7,18
27100.0,41,in_relationship,Postgraduate,1,5,25
70596.0,39,single,Graduate,0,21,925
42557.0,50,in_relationship,Graduate,1,15,250
53312.0,73,in_relationship,Postgraduate,0,12,253
72228.0,72,single,Graduate,0,22,1150
67605.0,37,in_relationship,Graduate,0,17,646
62845.0,75,in_relationship,Postgraduate,2,28,1144
65196.0,66,in_relationship,Graduate,2,26,943
42000.0,37,single,Postgraduate,0,20,474
35860.0,51,single,Postgraduate,2,6,23
65526.0,60,in_relationship,Postgraduate,1,17,485
16860.0,63,in_relationship,Graduate,2,8,18
83528.0,32,single,Graduate,0,23,1325
64176.0,59,single,Undergraduate,1,33,1497
22304.0,68,single,Graduate,0,4,12
67023.0,46,in_relationship,Graduate,0,24,870
32892.0,53,in_relationship,Postgraduate,1,8,41
70713.0,58,in_relationship,Graduate,1,25,1129
59925.0,69,in_relationship,Graduate,1,23,670
39722.0,71,in_relationship,Graduate,1,7,37
46610.0,66,in_relationship,Graduate,0,14,328
88347.0,63,in_relationship,Graduate,0,21,1783
87171.0,43,in_relationship,Postgraduate,0,25,1152
26907.0,48,in_relationship,Undergraduate,2,6,17
50014.0,56,single,Postgraduate,1,15,325
41014.0,46,in_relationship,Postgraduate,1,4,15
66294.0,59,single,Graduate,0,13,693
36715.0,53,in_relationship,Graduate,1,19,307
79456.0,68,in_relationship,Graduate,0,16,1155
40479.0,42,in_relationship,Graduate,1,4,13
75345.0,54,single,Postgraduate,0,20,1817
54233.0,47,in_relationship,Graduate,1,26,818
24163.0,54,single,Graduate,2,6,12
84460.0,66,in_relationship,Postgraduate,0,22,282
43776.0,41,in_relationship,Graduate,1,4,17
71691.0,66,single,Postgraduate,0,17,877
85844.0,51,in_relationship,Postgraduate,0,20,1800
39190.0,50,single,Postgraduate,1,9,94
71367.0,65,in_relationship,Graduate,0,17,639
38578.0,52,single,Postgraduate,2,9,64
57236.0,59,in_relationship,Postgraduate,2,10,114
61825.0,45,single,Graduate,1,15,312
79803.0,66,single,Graduate,1,13,798
80910.0,38,single,Undergraduate,0,15,609
27590.0,42,in_relationship,Postgraduate,1,4,11
56775.0,45,in_relationship,Graduate,1,25,809
83829.0,49,single,Graduate,0,17,1488
54210.0,45,in_relationship,Undergraduate,1,14,233
38508.0,38,in_relationship,Graduate,1,20,345
53187.0,54,in_relationship,Graduate,1,13,243
30023.0,52,in_relationship,Graduate,1,6,27
76045.0,64,single,Postgraduate,0,21,1213
50870.0,72,in_relationship,Postgraduate,1,6,61
15315.0,54,in_relationship,Undergraduate,0,8,24
65463.0,50,in_relationship,Undergraduate,1,19,493
66480.0,59,in_relationship,Graduate,2,19,265
76773.0,70,single,Graduate,0,16,1021
81698.0,41,single,Undergraduate,0,16,869
54466.0,51,single,Postgraduate,2,4,16
98777.0,64,single,Postgraduate,0,19,1730
16269.0,40,single,Postgraduate,1,9,40
71819.0,53,in_relationship,Graduate,1,14,1392
33569.0,41,in_relationship,Postgraduate,1,5,36
36262.0,41,in_relationship,Postgraduate,0,12,181
22634.0,58,in_relationship,Undergraduate,0,6,36
47025.0,46,in_relationship,Undergraduate,1,23,578
70566.0,56,single,Graduate,1,22,624
31605.0,45,in_relationship,Postgraduate,1,9,116
52034.0,51,single,Postgraduate,2,16,239
48526.0,45,single,Graduate,1,8,63
46734.0,70,in_relationship,Graduate,1,14,252
39552.0,62,single,Graduate,2,20,315
86358.0,58,single,Graduate,2,18,1498
46931.0,47,in_relationship,Graduate,3,7,58
16581.0,39,single,Undergraduate,0,4,8
63998.0,72,single,Undergraduate,0,25,1023
67381.0,73,in_relationship,Postgraduate,1,17,876
25930.0,57,single,Graduate,2,4,9
42693.0,46,in_relationship,Graduate,1,5,32
85606.0,48,in_relationship,Graduate,1,24,1623
72903.0,39,single,Graduate,0,21,1955
49669.0,50,in_relationship,Undergraduate,1,14,278
36778.0,56,in_relationship,Postgraduate,2,9,67
85696.0,62,single,Postgraduate,0,20,1185
10979.0,35,single,Postgraduate,0,8,22
49678.0,63,in_relationship,Graduate,1,14,290
56129.0,71,in_relationship,Postgraduate,1,22,501
37155.0,35,in_relationship,Graduate,1,7,49
21282.0,46,single,Undergraduate,1,7,14
33419.0,62,single,Postgraduate,1,8,68
63285.0,79,single,Graduate,0,25,881
21255.0,50,in_relationship,Postgraduate,1,11,54
42162.0,43,in_relationship,Graduate,1,9,112
54450.0,68,in_relationship,Graduate,2,31,625
57744.0,70,in_relationship,Postgraduate,1,16,392
26576.0,38,single,Graduate,1,4,18
68142.0,60,in_relationship,Graduate,1,24,1219
7500.0,45,in_relationship,Graduate,1,4,10
83145.0,50,in_relationship,Graduate,0,26,1543
54197.0,64,in_relationship,Postgraduate,1,12,205
23091.0,61,single,Postgraduate,2,10,46
46049.0,48,in_relationship,Graduate,2,26,463
56715.0,50,in_relationship,Graduate,0,15,602
79410.0,63,in_relationship,Graduate,0,11,1221
57304.0,73,in_relationship,Graduate,1,25,765
44375.0,59,in_relationship,Graduate,1,12,246
54450.0,68,in_relationship,Graduate,2,31,625
59594.0,59,in_relationship,Graduate,1,17,490
80685.0,30,in_relationship,Graduate,0,21,890
40344.0,50,in_relationship,Postgraduate,1,12,216
62710.0,52,in_relationship,Graduate,1,22,559
48985.0,56,in_relationship,Undergraduate,1,6,50
35322.0,56,in_relationship,Graduate,3,9,74
77142.0,76,in_relationship,Graduate,0,17,713
81657.0,55,single,Graduate,0,16,829
14421.0,28,in_relationship,Undergraduate,0,4,2
20130.0,50,in_relationship,Undergraduate,0,5,9
74214.0,34,in_relationship,Postgraduate,0,16,1493
66726.0,67,in_relationship,Postgraduate,2,17,391
23724.0,45,in_relationship,Undergraduate,1,7,43
47353.0,64,in_relationship,Postgraduate,1,13,205
33444.0,72,in_relationship,Postgraduate,2,4,16
54386.0,43,in_relationship,Graduate,1,17,362
28510.0,43,single,Graduate,2,9,68
90638.0,33,single,Postgraduate,0,18,2191
48070.0,74,in_relationship,Graduate,1,19,470
43140.0,67,in_relationship,Graduate,1,11,218
54959.0,63,single,Postgraduate,1,21,1208
15056.0,66,single,Undergraduate,2,12,21
26954.0,53,single,Graduate,1,4,16
22327.0,39,single,Graduate,1,5,17
44393.0,59,in_relationship,Graduate,2,7,46
62000.0,72,single,Postgraduate,1,26,1000
31497.0,62,in_relationship,Postgraduate,1,10,137
45894.0,50,in_relationship,Undergraduate,2,5,36
78579.0,54,single,Postgraduate,0,16,1431
67369.0,55,single,Postgraduate,1,25,1368
58401.0,64,single,Graduate,1,6,21
62307.0,72,single,Graduate,1,9,134
43641.0,55,in_relationship,Postgraduate,2,10,110
63841.0,56,single,Postgraduate,1,22,750
46891.0,59,in_relationship,Undergraduate,1,8,78
70091.0,55,in_relationship,Postgraduate,1,19,1135
78075.0,52,in_relationship,Postgraduate,0,14,839
59184.0,63,single,Undergraduate,1,27,596
54809.0,47,in_relationship,Graduate,2,12,126
58113.0,65,in_relationship,Graduate,1,22,494
51412.0,66,in_relationship,Postgraduate,1,11,172
15287.0,45,single,Graduate,1,6,11
66636.0,67,in_relationship,Postgraduate,0,17,990
50965.0,68,in_relationship,Postgraduate,1,22,642
84618.0,59,in_relationship,Postgraduate,0,26,1585
18351.0,34,in_relationship,Graduate,0,6,22
40451.0,67,in_relationship,Postgraduate,2,5,39
36317.0,59,in_relationship,Graduate,1,9,115
42213.0,67,in_relationship,Graduate,1,15,336
65748.0,69,in_relationship,Graduate,1,18,338
77044.0,52,in_relationship,Graduate,1,31,905
74918.0,55,in_relationship,Graduate,0,21,1944
56721.0,52,in_relationship,Graduate,2,15,202
42160.0,49,single,Graduate,2,11,102
61559.0,59,single,Graduate,1,17,450
33629.0,61,in_relationship,Postgraduate,2,13,148
68682.0,33,in_relationship,Postgraduate,0,24,1424
34377.0,61,single,Graduate,1,8,84
8940.0,38,single,Undergraduate,1,10,49
26228.0,51,in_relationship,Graduate,1,4,12
77297.0,67,single,Undergraduate,0,22,578
40211.0,43,in_relationship,Graduate,2,7,59
33438.0,66,single,Postgraduate,2,11,79
75032.0,65,in_relationship,Postgraduate,1,20,1144
61284.0,69,single,Postgraduate,0,22,739
22518.0,38,in_relationship,Graduate,1,7,30
54730.0,49,in_relationship,Postgraduate,1,18,338
38452.0,69,in_relationship,Postgraduate,2,9,70
44421.0,53,single,Graduate,2,14,174
38197.0,38,in_relationship,Postgraduate,1,5,34
41986.0,46,single,Graduate,1,10,40
28427.0,41,in_relationship,Graduate,1,7,40
37395.0,48,in_relationship,Postgraduate,1,5,27
64722.0,53,in_relationship,Graduate,1,25,583
55249.0,68,in_relationship,Postgraduate,1,8,117
84906.0,52,in_relationship,Graduate,0,24,1426
28691.0,35,in_relationship,Graduate,1,5,22
44213.0,72,single,Graduate,2,12,141
25707.0,40,single,Undergraduate,1,5,9
59062.0,57,in_relationship,Postgraduate,3,7,59
76624.0,62,single,Graduate,1,23,664
66000.0,77,in_relationship,Postgraduate,0,10,565
27683.0,46,in_relationship,Postgraduate,1,16,282
1730.0,53,single,Graduate,0,15,5
7500.0,32,single,Undergraduate,1,11,45
40521.0,56,in_relationship,Graduate,2,4,17
20427.0,51,in_relationship,Postgraduate,1,4,9
65106.0,49,in_relationship,Graduate,1,27,942
69969.0,59,in_relationship,Postgraduate,0,13,1425
67433.0,72,in_relationship,Graduate,2,28,902
77766.0,57,in_relationship,Postgraduate,1,34,1328
74716.0,52,in_relationship,Graduate,1,17,581
68118.0,61,single,Graduate,1,23,741
55158.0,54,in_relationship,Postgraduate,2,18,380
62972.0,69,in_relationship,Undergraduate,1,16,375
74190.0,49,in_relationship,Graduate,1,19,318
39356.0,48,in_relationship,Graduate,2,4,17
76653.0,55,in_relationship,Graduate,0,23,1745
35860.0,51,single,Postgraduate,2,6,23
90687.0,41,single,Postgraduate,0,17,1671
73450.0,42,in_relationship,Postgraduate,0,27,1608
31454.0,64,in_relationship,Graduate,2,8,39
47139.0,72,single,Graduate,2,7,58
83829.0,49,single,Graduate,0,17,1488
53378.0,61,in_relationship,Postgraduate,2,29,647
19656.0,54,in_relationship,Graduate,1,9,38
45579.0,76,in_relationship,Postgraduate,1,10,179
85485.0,66,single,Undergraduate,0,19,1267
64191.0,61,single,Postgraduate,1,24,621
38808.0,52,single,Graduate,1,14,194
57183.0,58,in_relationship,Postgraduate,2,25,533
23748.0,56,single,Postgraduate,1,9,41
66303.0,53,in_relationship,Graduate,1,22,1198
37368.0,49,in_relationship,Postgraduate,1,4,16
40800.0,60,in_relationship,Graduate,3,8,51
71847.0,46,single,Graduate,0,22,864
46149.0,49,in_relationship,Graduate,1,18,331
78687.0,41,in_relationship,Graduate,0,19,1689
49118.0,53,single,Undergraduate,0,28,913
37633.0,67,in_relationship,Postgraduate,2,6,37
39767.0,73,in_relationship,Postgraduate,0,17,378
26997.0,73,in_relationship,Undergraduate,0,13,108
33986.0,54,single,Graduate,1,5,36
57091.0,52,in_relationship,Postgraduate,1,18,486
46831.0,55,in_relationship,Undergraduate,2,7,34
83151.0,52,in_relationship,Postgraduate,0,23,1957
52531.0,53,in_relationship,Graduate,0,21,546
15759.0,68,in_relationship,Graduate,0,4,8
22804.0,53,single,Graduate,1,5,22
43050.0,51,in_relationship,Undergraduate,1,8,59
42997.0,47,single,Postgraduate,2,4,9
48918.0,61,single,Postgraduate,2,7,61
60033.0,70,in_relationship,Postgraduate,1,10,120
34043.0,46,in_relationship,Postgraduate,1,5,36
57811.0,58,in_relationship,Graduate,1,25,666
78569.0,78,in_relationship,Graduate,0,15,1259
7500.0,46,single,Graduate,2,10,15
94384.0,71,in_relationship,Graduate,0,18,1925
23148.0,39,in_relationship,Undergraduate,0,6,18
44267.0,54,single,Graduate,2,16,253
71626.0,45,in_relationship,Graduate,0,19,994
60894.0,58,in_relationship,Graduate,1,26,768
50200.0,48,in_relationship,Graduate,2,19,323
81051.0,59,in_relationship,Postgraduate,0,23,1420
65169.0,42,in_relationship,Graduate,0,28,1143
59868.0,52,in_relationship,Graduate,1,32,976
65695.0,64,in_relationship,Postgraduate,1,21,592
64857.0,68,single,Postgraduate,0,23,1287
45143.0,59,in_relationship,Postgraduate,1,15,281
74805.0,69,in_relationship,Undergraduate,1,26,580
59060.0,35,in_relationship,Undergraduate,1,14,186
27238.0,62,single,Postgraduate,2,9,54
47009.0,59,in_relationship,Graduate,1,17,289
46094.0,51,in_relationship,Undergraduate,2,5,34
40321.0,52,in_relationship,Graduate,2,8,69
37235.0,40,in_relationship,Graduate,1,5,31
81843.0,64,in_relationship,Postgraduate,0,27,1402
46692.0,66,in_relationship,Postgraduate,1,15,273
77382.0,56,in_relationship,Graduate,1,26,770
37774.0,47,single,Graduate,2,16,288
18393.0,50,in_relationship,Undergraduate,1,8,30
72828.0,62,in_relationship,Postgraduate,1,28,1440
24711.0,42,in_relationship,Graduate,0,7,42
45503.0,49,in_relationship,Postgraduate,1,9,145
6560.0,42,single,Postgraduate,0,2,104
71604.0,79,in_relationship,Postgraduate,0,17,926
27244.0,45,in_relationship,Graduate,1,8,28
48752.0,55,in_relationship,Graduate,2,17,230
71434.0,62,in_relationship,Graduate,1,21,964
90842.0,76,single,Graduate,0,27,962
88097.0,46,in_relationship,Postgraduate,1,20,643
51948.0,49,in_relationship,Graduate,1,13,169
71853.0,42,in_relationship,Graduate,0,17,879
35876.0,41,in_relationship,Postgraduate,0,8,108
40049.0,72,single,Graduate,1,5,26
39660.0,42,single,Graduate,1,14,230
50127.0,62,in_relationship,Graduate,1,13,295
43263.0,47,in_relationship,Postgraduate,1,16,329
62845.0,75,in_relationship,Postgraduate,2,28,1144
18929.0,34,in_relationship,Graduate,0,6,40
24367.0,42,single,Undergraduate,1,4,8
33249.0,49,single,Graduate,1,8,37
26887.0,65,in_relationship,Undergraduate,1,5,17
50150.0,41,in_relationship,Postgraduate,0,16,273
62061.0,48,in_relationship,Graduate,1,24,732
85696.0,62,single,Postgraduate,0,20,1185
76542.0,68,in_relationship,Postgraduate,0,23,1440
70515.0,31,single,Graduate,0,17,872
18227.0,37,in_relationship,Graduate,1,4,10
69139.0,59,in_relationship,Graduate,1,11,173
69109.0,42,in_relationship,Graduate,0,20,1307
69627.0,62,single,Graduate,1,23,607
38136.0,46,in_relationship,Graduate,1,8,50
62159.0,78,single,Postgraduate,0,19,458
80695.0,61,single,Graduate,0,19,1670
33316.0,53,single,Postgraduate,2,10,111
58554.0,56,in_relationship,Graduate,2,22,460
17256.0,32,in_relationship,Undergraduate,1,7,24
53034.0,50,single,Graduate,2,22,371
52203.0,74,in_relationship,Undergraduate,0,27,747
59601.0,47,single,Undergraduate,1,15,767
75154.0,66,single,Postgraduate,1,16,758
47025.0,48,single,Graduate,1,17,369
37971.0,51,in_relationship,Graduate,1,5,19
41335.0,56,single,Postgraduate,1,12,152
67267.0,66,in_relationship,Graduate,1,11,204
57338.0,49,single,Graduate,1,12,201
50523.0,64,in_relationship,Undergraduate,2,8,79
35791.0,59,single,Postgraduate,3,6,32
50611.0,64,single,Postgraduate,1,22,483
56242.0,55,in_relationship,Postgraduate,1,28,864
48904.0,64,single,Graduate,1,17,331
56243.0,49,single,Graduate,3,20,382
21355.0,39,in_relationship,Graduate,1,7,32
57420.0,53,in_relationship,Postgraduate,1,15,298
46390.0,69,single,Postgraduate,1,10,173
54342.0,68,in_relationship,Undergraduate,2,12,128
20895.0,51,in_relationship,Graduate,1,6,38
92344.0,76,in_relationship,Graduate,0,20,1710
26907.0,48,in_relationship,Undergraduate,2,6,17
44964.0,44,in_relationship,Graduate,2,5,37
75507.0,45,in_relationship,Graduate,0,21,1176
53761.0,52,in_relationship,Postgraduate,2,17,234
22682.0,51,in_relationship,Graduate,1,10,53
38887.0,52,in_relationship,Postgraduate,1,5,39
41658.0,49,single,Undergraduate,2,6,24
29791.0,52,in_relationship,Postgraduate,1,7,20
63915.0,68,in_relationship,Postgraduate,2,23,744
39996.0,50,single,Graduate,2,4,14
26759.0,52,single,Graduate,1,8,44
63841.0,56,single,Postgraduate,1,22,750
51039.0,55,in_relationship,Postgraduate,2,14,243
60544.0,63,in_relationship,Graduate,2,15,246
65685.0,52,in_relationship,Graduate,1,21,705
37716.0,71,in_relationship,Graduate,1,10,139
36864.0,67,single,Graduate,1,14,248
44511.0,54,in_relationship,Postgraduate,1,26,653
36947.0,57,in_relationship,Postgraduate,2,11,112
47352.0,73,in_relationship,Postgraduate,1,16,296
67087.0,71,in_relationship,Postgraduate,1,22,586
57045.0,74,in_relationship,Graduate,1,18,413
36957.0,71,single,Postgraduate,2,11,118
69389.0,47,in_relationship,Postgraduate,1,22,667
80134.0,52,in_relationship,Graduate,1,16,1506
43142.0,55,in_relationship,Postgraduate,2,4,13
34412.0,34,single,Graduate,1,11,114
57537.0,45,single,Graduate,1,19,386
22634.0,58,in_relationship,Undergraduate,0,6,36
51315.0,76,in_relationship,Graduate,0,10,135
36026.0,52,in_relationship,Graduate,3,7,34
24639.0,51,in_relationship,Graduate,2,9,39
34578.0,52,in_relationship,Postgraduate,3,4,8
65704.0,52,single,Undergraduate,0,23,525
63810.0,58,single,Graduate,1,23,1242
54132.0,55,in_relationship,Postgraduate,1,5,39
18690.0,65,in_relationship,Graduate,0,5,14
28164.0,54,in_relationship,Graduate,1,9,47
34596.0,50,in_relationship,Postgraduate,1,4,16
43269.0,52,in_relationship,Postgraduate,1,4,18
38741.0,66,single,Undergraduate,2,7,34
31907.0,52,single,Graduate,0,14,184
27100.0,41,in_relationship,Postgraduate,1,5,25
31163.0,51,single,Undergraduate,1,5,15
92533.0,39,in_relationship,Graduate,0,23,832
34853.0,51,single,Graduate,2,7,27
70844.0,57,single,Graduate,2,17,222
31086.0,45,in_relationship,Undergraduate,2,6,29
60544.0,63,in_relationship,Graduate,2,15,246
20491.0,38,in_relationship,Undergraduate,0,4,14
42523.0,60,in_relationship,Graduate,0,7,61
39922.0,41,in_relationship,Graduate,1,9,100
33402.0,72,in_relationship,Graduate,2,9,47
36408.0,75,in_relationship,Postgraduate,2,4,14
21645.0,45,in_relationship,Graduate,1,9,37
78427.0,76,single,Postgraduate,0,23,1586
82657.0,78,in_relationship,Graduate,0,23,1806
51876.0,66,in_relationship,Graduate,0,13,228
78041.0,53,in_relationship,Undergraduate,0,18,1070
52852.0,67,in_relationship,Graduate,1,26,821
70038.0,42,in_relationship,Postgraduate,0,17,989
69401.0,51,in_relationship,Undergraduate,1,17,585
46053.0,52,in_relationship,Graduate,1,12,158
77343.0,59,in_relationship,Graduate,0,17,951
73892.0,71,single,Graduate,0,23,1406
40304.0,57,single,Postgraduate,1,6,54
32727.0,59,in_relationship,Postgraduate,0,17,360
68695.0,55,in_relationship,Graduate,0,16,895
43300.0,53,single,Graduate,1,11,146
26290.0,52,in_relationship,Graduate,2,10,39
93790.0,54,single,Graduate,0,25,2101
38410.0,50,in_relationship,Postgraduate,0,18,340
64866.0,74,single,Postgraduate,1,21,534
57957.0,65,in_relationship,Graduate,1,25,526
46015.0,69,in_relationship,Postgraduate,2,5,40
16531.0,46,in_relationship,Graduate,1,9,21
28072.0,38,in_relationship,Postgraduate,1,5,40
49476.0,61,single,Postgraduate,1,22,504
50725.0,71,in_relationship,Graduate,1,21,528
83844.0,72,in_relationship,Graduate,0,20,1277
41145.0,74,in_relationship,Postgraduate,2,4,12
67419.0,54,in_relationship,Graduate,1,25,1282
23162.0,54,in_relationship,Undergraduate,2,8,20
34380.0,47,in_relationship,Graduate,1,12,137
34704.0,58,single,Graduate,1,5,34
94871.0,55,in_relationship,Postgraduate,2,18,746
65148.0,66,in_relationship,Graduate,1,21,917
39898.0,70,in_relationship,Graduate,1,9,103
64857.0,68,single,Postgraduate,0,23,1287
59892.0,54,in_relationship,Postgraduate,1,7,86
41020.0,37,single,Postgraduate,0,10,167
57072.0,63,in_relationship,Postgraduate,1,27,1004
60474.0,45,single,Graduate,1,31,767
62807.0,64,in_relationship,Graduate,1,23,689
19414.0,43,in_relationship,Undergraduate,1,5,17
19107.0,44,in_relationship,Graduate,1,6,15
75484.0,48,in_relationship,Undergraduate,1,18,734
70379.0,48,single,Postgraduate,1,25,720
79419.0,54,in_relationship,Postgraduate,0,15,1565
64014.0,78,in_relationship,Postgraduate,3,22,436
76998.0,69,in_relationship,Graduate,1,29,1699
49854.0,52,in_relationship,Postgraduate,1,18,311
60585.0,53,in_relationship,Postgraduate,2,30,618
42873.0,74,single,Postgraduate,2,15,249
87679.0,36,in_relationship,Graduate,0,29,2246
57867.0,46,in_relationship,Graduate,1,25,557
35765.0,34,in_relationship,Graduate,1,8,55
65492.0,65,in_relationship,Graduate,0,26,703
32952.0,47,single,Graduate,1,6,50
53374.0,55,in_relationship,Postgraduate,1,21,1007
71706.0,65,in_relationship,Graduate,1,25,1240
68487.0,36,in_relationship,Graduate,0,30,1155
53253.0,49,in_relationship,Postgraduate,2,19,282
31163.0,51,single,Undergraduate,1,5,15
42014.0,47,in_relationship,Graduate,1,20,367
54108.0,51,in_relationship,Postgraduate,2,32,636
49667.0,69,single,Postgraduate,0,22,1327
63206.0,50,in_relationship,Postgraduate,0,14,883
57136.0,52,in_relationship,Postgraduate,2,26,420
46772.0,49,in_relationship,Undergraduate,1,30,643
78931.0,53,in_relationship,Postgraduate,0,24,698
53977.0,66,in_relationship,Graduate,1,27,801
84219.0,36,in_relationship,Graduate,0,18,971
46098.0,49,single,Postgraduate,2,11,84
73538.0,59,in_relationship,Graduate,1,26,1315
79529.0,38,in_relationship,Graduate,0,22,1171
20981.0,47,in_relationship,Undergraduate,0,7,24
51766.0,44,single,Graduate,1,12,198
55759.0,62,in_relationship,Graduate,1,26,760
33039.0,46,in_relationship,Graduate,1,7,50
37787.0,52,in_relationship,Postgraduate,1,7,81
27242.0,54,single,Graduate,1,7,46
87188.0,41,single,Postgraduate,0,19,1745
69930.0,53,in_relationship,Graduate,0,22,1177
37697.0,48,single,Graduate,1,7,61
37401.0,51,in_relationship,Postgraduate,1,7,41
3502.0,51,single,Graduate,1,0,4
58597.0,48,in_relationship,Graduate,2,32,674
82032.0,76,single,Postgraduate,0,17,903
28087.0,66,in_relationship,Graduate,2,9,78
74004.0,37,single,Postgraduate,0,15,1392
19740.0,64,in_relationship,Graduate,1,7,21
57036.0,49,in_relationship,Undergraduate,1,26,1433
53083.0,66,in_relationship,Undergraduate,2,17,255
69283.0,49,in_relationship,Postgraduate,1,27,870
46098.0,49,single,Postgraduate,2,11,84
23331.0,36,in_relationship,Undergraduate,1,8,48
23331.0,36,single,Undergraduate,1,17,225
9255.0,35,single,Graduate,1,5,16
67786.0,65,single,Postgraduate,0,16,954
71969.0,53,in_relationship,Postgraduate,1,19,1076
59235.0,57,single,Postgraduate,1,28,957
31928.0,35,in_relationship,Graduate,1,9,61
74881.0,63,in_relationship,Postgraduate,2,27,847
65819.0,46,in_relationship,Graduate,0,20,1006
51411.0,71,single,Postgraduate,3,4,17
51983.0,60,single,Graduate,1,24,746
42386.0,38,in_relationship,Postgraduate,1,7,85
30390.0,37,in_relationship,Undergraduate,0,6,34
30983.0,61,single,Graduate,0,8,105
66033.0,67,single,Graduate,1,20,507
37284.0,49,in_relationship,Undergraduate,2,4,14
57530.0,73,single,Postgraduate,1,7,78
76800.0,59,in_relationship,Undergraduate,0,16,454
63943.0,68,in_relationship,Graduate,1,17,975
76081.0,62,in_relationship,Graduate,0,14,737
67445.0,50,in_relationship,Graduate,1,32,1054
37054.0,57,in_relationship,Postgraduate,2,6,19
47175.0,62,in_relationship,Postgraduate,2,17,213
31859.0,48,single,Graduate,1,4,7
27215.0,63,single,Graduate,3,11,57
70179.0,48,single,Postgraduate,1,26,788
39922.0,41,in_relationship,Graduate,1,9,100
49681.0,48,in_relationship,Postgraduate,2,21,437
24645.0,36,in_relationship,Graduate,1,4,12
79865.0,70,single,Graduate,1,21,448
44322.0,39,in_relationship,Graduate,1,8,86
47958.0,72,single,Graduate,1,16,367
63972.0,60,single,Postgraduate,1,23,1245
75315.0,70,in_relationship,Graduate,1,23,645
55517.0,74,in_relationship,Postgraduate,2,23,591
75283.0,67,in_relationship,Postgraduate,3,25,922
82800.0,78,single,Postgraduate,0,26,1143
38998.0,70,in_relationship,Graduate,2,8,49
90638.0,33,single,Postgraduate,0,18,2191
27161.0,38,in_relationship,Postgraduate,1,5,34
42014.0,47,in_relationship,Graduate,1,20,367
38201.0,64,in_relationship,Postgraduate,1,15,256
45203.0,42,in_relationship,Graduate,2,8,105
81574.0,77,in_relationship,Postgraduate,0,18,1717
34935.0,32,in_relationship,Graduate,0,8,104
60482.0,48,single,Postgraduate,1,17,432
34633.0,68,in_relationship,Graduate,3,4,14
78093.0,77,in_relationship,Postgraduate,0,17,1039
82460.0,74,single,Graduate,0,15,875
45903.0,58,in_relationship,Postgraduate,1,8,51
81361.0,37,single,Graduate,0,27,610
35860.0,51,single,Postgraduate,2,6,23
40442.0,72,in_relationship,Postgraduate,2,12,109
61482.0,59,in_relationship,Graduate,0,12,174
34968.0,44,in_relationship,Graduate,1,17,209
75794.0,37,in_relationship,Graduate,0,25,1539
31497.0,62,in_relationship,Postgraduate,1,10,137
74268.0,69,in_relationship,Graduate,0,13,580
13724.0,36,in_relationship,Undergraduate,1,5,14
45143.0,59,in_relationship,Postgraduate,1,15,281
52569.0,57,single,Postgraduate,1,7,88
48432.0,51,single,Postgraduate,1,19,375
17144.0,64,in_relationship,Postgraduate,2,12,39
36108.0,40,single,Graduate,1,15,278
76445.0,53,in_relationship,Graduate,1,21,1155
36663.0,49,in_relationship,Postgraduate,1,6,24
53843.0,59,in_relationship,Postgraduate,1,20,466
90226.0,68,in_relationship,Postgraduate,0,24,1840
70638.0,69,single,Postgraduate,0,20,1243
44512.0,64,in_relationship,Graduate,2,6,30
27116.0,63,in_relationship,Graduate,2,7,34
54072.0,61,in_relationship,Postgraduate,2,5,39
71855.0,47,in_relationship,Graduate,1,25,1001
51250.0,34,single,Undergraduate,1,24,604
60432.0,51,in_relationship,Postgraduate,1,19,383
65526.0,60,in_relationship,Postgraduate,1,17,485
68655.0,36,single,Graduate,0,21,1307
12393.0,46,in_relationship,Undergraduate,0,6,26
64509.0,34,single,Graduate,0,19,1596
33955.0,49,single,Graduate,1,15,230
31353.0,47,in_relationship,Graduate,2,6,20
55434.0,40,in_relationship,Graduate,1,24,568
28359.0,41,in_relationship,Graduate,1,4,11
57100.0,37,single,Graduate,1,14,268
69139.0,59,in_relationship,Graduate,1,11,173
52973.0,68,in_relationship,Postgraduate,1,31,932
51717.0,59,in_relationship,Postgraduate,1,8,116
18793.0,53,in_relationship,Graduate,1,9,40
66664.0,42,in_relationship,Undergraduate,0,19,941
50664.0,65,single,Graduate,2,24,425
54414.0,61,in_relationship,Graduate,2,13,143
54549.0,72,in_relationship,Postgraduate,1,12,224
47111.0,53,single,Postgraduate,1,21,819
41003.0,61,single,Postgraduate,0,17,398
19444.0,42,in_relationship,Graduate,1,10,39
36301.0,48,in_relationship,Undergraduate,1,7,58
73059.0,77,in_relationship,Postgraduate,1,26,942
42731.0,55,in_relationship,Postgraduate,1,13,212
52854.0,65,in_relationship,Postgraduate,2,9,115
22775.0,46,in_relationship,Graduate,1,4,14
46681.0,76,in_relationship,Postgraduate,2,16,353
59821.0,69,in_relationship,Postgraduate,1,26,699
50002.0,70,single,Graduate,1,19,519
69755.0,79,in_relationship,Graduate,0,22,667
44078.0,55,in_relationship,Graduate,2,7,35
30560.0,48,in_relationship,Postgraduate,1,5,15
35924.0,55,in_relationship,Postgraduate,2,5,22
64140.0,60,single,Postgraduate,2,18,1520
56386.0,43,in_relationship,Graduate,2,25,492
24594.0,45,in_relationship,Undergraduate,1,5,10
75774.0,43,in_relationship,Undergraduate,1,21,495
39228.0,64,single,Postgraduate,0,4,14
58494.0,50,in_relationship,Postgraduate,1,16,373
58684.0,43,single,Graduate,0,21,693
57136.0,57,single,Graduate,0,20,1006
56551.0,74,single,Postgraduate,2,10,103
22448.0,42,in_relationship,Graduate,1,9,12
82014.0,63,single,Graduate,0,22,1282
34213.0,61,single,Graduate,2,9,82
25358.0,77,single,Postgraduate,1,6,24
35544.0,46,single,Postgraduate,1,6,58
36634.0,70,in_relationship,Postgraduate,1,15,298
62670.0,70,in_relationship,Postgraduate,1,22,661
50334.0,52,in_relationship,Undergraduate,1,23,460
72066.0,43,single,Graduate,0,17,1573
50729.0,66,single,Postgraduate,2,24,395
34916.0,56,in_relationship,Graduate,2,13,156
64892.0,48,single,Graduate,1,24,781
43602.0,58,single,Graduate,2,9,36
33996.0,35,single,Postgraduate,0,6,57
41473.0,39,single,Undergraduate,1,6,49
63246.0,57,in_relationship,Postgraduate,2,22,714
36732.0,65,in_relationship,Postgraduate,2,9,29
69084.0,54,in_relationship,Postgraduate,1,25,1487
77766.0,57,in_relationship,Postgraduate,1,34,1328
37929.0,39,single,Postgraduate,0,13,250
86610.0,73,in_relationship,Graduate,0,18,1321
80141.0,38,in_relationship,Postgraduate,0,22,1959
72635.0,69,in_relationship,Undergraduate,0,21,735
69016.0,54,in_relationship,Graduate,1,34,1142
20193.0,33,in_relationship,Undergraduate,0,7,38
27573.0,49,in_relationship,Graduate,1,14,175
15862.0,45,single,Undergraduate,1,5,6
49544.0,48,in_relationship,Postgraduate,1,16,381
33228.0,44,in_relationship,Graduate,1,6,55
70440.0,46,in_relationship,Graduate,0,23,1306
38232.0,53,in_relationship,Graduate,2,11,76
22554.0,69,in_relationship,Postgraduate,2,10,37
23536.0,41,in_relationship,Postgraduate,1,4,9
49413.0,72,in_relationship,Graduate,1,13,253
42231.0,55,in_relationship,Graduate,2,5,32
78789.0,44,single,Postgraduate,0,16,1567
56534.0,56,in_relationship,Graduate,1,25,759
58350.0,53,single,Graduate,1,27,725
81217.0,35,single,Graduate,0,22,887
49090.0,73,single,Graduate,1,21,581
61787.0,37,single,Postgraduate,0,19,1108
18169.0,39,in_relationship,Postgraduate,1,4,14
24336.0,43,single,Undergraduate,1,4,9
18222.0,34,in_relationship,Graduate,0,6,35
62335.0,72,single,Graduate,1,21,591
42033.0,53,in_relationship,Undergraduate,2,4,16
86580.0,41,in_relationship,Postgraduate,0,11,680
41437.0,67,single,Postgraduate,2,5,31
73705.0,73,single,Postgraduate,2,25,1223
61064.0,48,in_relationship,Graduate,1,28,855
38452.0,69,in_relationship,Postgraduate,2,9,70
18358.0,35,single,Graduate,1,10,33
55012.0,51,in_relationship,Postgraduate,1,25,647
9722.0,51,in_relationship,Undergraduate,1,11,39
38175.0,40,in_relationship,Postgraduate,1,11,145
58656.0,68,in_relationship,Postgraduate,1,32,1168
52117.0,59,in_relationship,Graduate,1,13,229
64813.0,46,in_relationship,Graduate,1,20,417
54222.0,51,in_relationship,Postgraduate,1,12,242
83512.0,38,in_relationship,Graduate,0,22,1956
77520.0,65,in_relationship,Postgraduate,1,23,1380
41154.0,46,in_relationship,Graduate,1,6,57
80398.0,58,in_relationship,Graduate,0,26,1329
18746.0,32,single,Undergraduate,1,8,23
35196.0,40,in_relationship,Graduate,1,18,228
60230.0,68,single,Graduate,1,17,907
22108.0,47,in_relationship,Graduate,2,7,17
44392.0,50,in_relationship,Graduate,2,14,163
55424.0,48,in_relationship,Postgraduate,1,25,707
17688.0,45,in_relationship,Graduate,1,4,5
92491.0,41,in_relationship,Postgraduate,0,25,1958
90273.0,33,single,Graduate,0,19,1686
82571.0,62,single,Postgraduate,0,24,1450
38513.0,42,single,Postgraduate,1,17,290
16653.0,45,single,Postgraduate,1,9,43
42586.0,69,in_relationship,Graduate,2,16,252
23529.0,59,single,Undergraduate,1,5,29
74881.0,63,in_relationship,Postgraduate,2,27,847
71107.0,73,in_relationship,Graduate,1,28,760
46910.0,60,in_relationship,Postgraduate,2,7,62
18690.0,65,in_relationship,Graduate,0,5,14
37244.0,69,single,Graduate,2,5,30
82427.0,58,in_relationship,Graduate,0,21,1138
75342.0,66,single,Undergraduate,1,18,398
70044.0,70,single,Graduate,1,26,1323
79146.0,57,single,Graduate,2,19,484
77437.0,61,in_relationship,Graduate,0,23,1023
54984.0,65,in_relationship,Graduate,1,17,317
42403.0,53,in_relationship,Postgraduate,1,5,34
55761.0,60,in_relationship,Graduate,1,10,149
37292.0,41,in_relationship,Graduate,1,19,361
45576.0,79,single,Postgraduate,0,8,104
70321.0,77,in_relationship,Graduate,0,25,1077
58086.0,55,single,Postgraduate,1,23,777
81795.0,72,in_relationship,Graduate,0,23,1149
28389.0,77,in_relationship,Undergraduate,0,4,9
66835.0,78,in_relationship,Postgraduate,0,24,841
69901.0,55,single,Graduate,1,23,539
80360.0,75,in_relationship,Postgraduate,0,15,2033
63342.0,63,in_relationship,Postgraduate,1,19,1057
44989.0,50,in_relationship,Graduate,1,16,204
31859.0,44,single,Undergraduate,1,5,14
51569.0,75,single,Postgraduate,1,19,427
30372.0,53,single,Graduate,2,8,27
16014.0,45,single,Undergraduate,2,10,16
41120.0,56,in_relationship,Graduate,2,9,49
39763.0,53,single,Postgraduate,1,10,141
38725.0,69,in_relationship,Postgraduate,2,7,37
77981.0,52,in_relationship,Graduate,1,21,462
62905.0,60,in_relationship,Undergraduate,1,20,337
13533.0,45,single,Undergraduate,1,7,23
59481.0,49,in_relationship,Graduate,1,16,266
72117.0,47,in_relationship,Graduate,1,26,898
21955.0,38,in_relationship,Undergraduate,1,8,13
67131.0,68,in_relationship,Graduate,1,26,786
36802.0,44,single,Postgraduate,1,5,19
71853.0,42,in_relationship,Graduate,0,17,879
28249.0,63,in_relationship,Undergraduate,0,6,17
47808.0,49,in_relationship,Postgraduate,1,10,150
25509.0,50,single,Postgraduate,1,9,73
51012.0,78,in_relationship,Postgraduate,0,10,174
70596.0,39,single,Graduate,0,21,925
85431.0,72,in_relationship,Postgraduate,0,17,891
42664.0,57,in_relationship,Graduate,1,5,24
42586.0,69,in_relationship,Graduate,2,16,252
29760.0,39,single,Graduate,1,12,136
28973.0,47,in_relationship,Postgraduate,0,13,252
39435.0,51,in_relationship,Postgraduate,1,7,89
65370.0,40,in_relationship,Undergraduate,0,19,205
20194.0,45,single,Undergraduate,1,7,11
42473.0,48,single,Postgraduate,2,10,115
64590.0,56,in_relationship,Graduate,0,24,1226
71232.0,65,in_relationship,Graduate,1,25,840
34600.0,53,in_relationship,Graduate,2,17,292
46904.0,57,single,Graduate,2,14,213
49094.0,51,in_relationship,Graduate,1,20,414
36075.0,41,in_relationship,Graduate,1,7,76
60839.0,45,in_relationship,Undergraduate,2,29,749
77298.0,45,in_relationship,Graduate,1,24,832
34026.0,74,in_relationship,Graduate,2,9,39
48918.0,61,single,Postgraduate,2,7,61
82122.0,62,in_relationship,Undergraduate,0,26,1106
37697.0,48,single,Graduate,1,7,61
34074.0,72,in_relationship,Graduate,2,14,177
28520.0,64,in_relationship,Postgraduate,2,5,21
62535.0,69,single,Graduate,1,14,301
36273.0,47,single,Postgraduate,1,8,62
63404.0,60,in_relationship,Graduate,2,15,830
75774.0,43,in_relationship,Undergraduate,1,21,495
78416.0,48,in_relationship,Graduate,1,26,770
75702.0,50,in_relationship,Graduate,1,29,1702
59385.0,73,in_relationship,Postgraduate,2,10,145
37070.0,58,single,Graduate,2,23,375
44689.0,73,in_relationship,Graduate,2,6,23
53977.0,66,in_relationship,Graduate,1,27,801
7144.0,58,single,Postgraduate,2,25,118
18701.0,60,single,Graduate,2,10,18
90369.0,68,in_relationship,Graduate,0,17,1324
63159.0,50,single,Postgraduate,0,17,1585
37758.0,58,in_relationship,Graduate,2,6,39
46757.0,61,single,Postgraduate,1,21,970
79734.0,55,in_relationship,Postgraduate,0,14,812
63207.0,32,in_relationship,Graduate,0,12,1172
72071.0,70,single,Graduate,1,20,900
21840.0,41,in_relationship,Postgraduate,1,5,26
58582.0,42,in_relationship,Undergraduate,1,22,543
72282.0,73,single,Graduate,0,22,949
50387.0,68,in_relationship,Graduate,2,19,465
32583.0,63,in_relationship,Postgraduate,2,4,8
62568.0,62,in_relationship,Graduate,1,16,777
44635.0,53,single,Postgraduate,2,7,65
33316.0,53,single,Postgraduate,2,10,111
63967.0,56,in_relationship,Graduate,1,23,612
52513.0,46,in_relationship,Undergraduate,0,25,625
25293.0,55,in_relationship,Graduate,1,5,26
54111.0,59,single,Postgraduate,1,15,327
78394.0,38,in_relationship,Graduate,0,16,1022
80739.0,66,in_relationship,Postgraduate,0,24,1502
22669.0,49,in_relationship,Postgraduate,1,10,66
29236.0,37,single,Graduate,1,9,65
44911.0,65,in_relationship,Graduate,1,12,181
54693.0,62,in_relationship,Postgraduate,1,31,845
48186.0,50,in_relationship,Graduate,1,12,166
54809.0,47,in_relationship,Graduate,2,12,126
41580.0,46,in_relationship,Graduate,2,9,85
80336.0,54,in_relationship,Postgraduate,0,25,684
47743.0,67,in_relationship,Graduate,1,14,243
62972.0,69,in_relationship,Undergraduate,1,16,375
57333.0,70,single,Postgraduate,1,33,1352
32313.0,42,in_relationship,Postgraduate,1,11,146
84953.0,71,single,Postgraduate,0,18,817
27071.0,56,single,Postgraduate,1,7,30
68148.0,67,in_relationship,Postgraduate,0,15,863
65735.0,59,in_relationship,Postgraduate,2,19,365
86836.0,49,in_relationship,Postgraduate,0,23,473
4023.0,61,in_relationship,Postgraduate,2,15,6
30093.0,34,in_relationship,Graduate,0,6,36
57705.0,58,in_relationship,Postgraduate,1,18,436
25008.0,36,single,Graduate,1,6,18
83257.0,29,single,Undergraduate,0,28,1153
22280.0,49,in_relationship,Graduate,1,4,7
72159.0,46,in_relationship,Postgraduate,0,21,1274
64260.0,63,in_relationship,Graduate,0,14,1524
82733.0,40,single,Postgraduate,0,20,1182
74290.0,53,single,Postgraduate,1,32,1193
58217.0,73,single,Postgraduate,3,7,82
21024.0,48,in_relationship,Postgraduate,0,7,58
70116.0,52,in_relationship,Postgraduate,0,23,1354
54006.0,39,in_relationship,Graduate,1,18,454
69063.0,58,in_relationship,Postgraduate,1,14,825
11448.0,49,single,Undergraduate,0,4,0
61825.0,45,single,Graduate,1,15,312
70886.0,53,in_relationship,Graduate,1,14,716
69109.0,42,in_relationship,Graduate,0,20,1307
60208.0,51,single,Graduate,2,29,582
32889.0,56,in_relationship,Postgraduate,2,9,41
34738.0,40,single,Graduate,1,5,15
30538.0,53,in_relationship,Postgraduate,1,17,336
82326.0,47,in_relationship,Undergraduate,0,22,1834
26642.0,57,single,Postgraduate,1,7,30
69932.0,60,single,Graduate,1,26,737
44503.0,52,single,Graduate,2,7,40
60200.0,76,single,Postgraduate,1,25,653
49638.0,72,single,Graduate,1,5,31
23830.0,37,single,Undergraduate,0,5,15
33051.0,65,single,Postgraduate,0,21,414
72905.0,66,in_relationship,Graduate,0,20,966
69702.0,73,in_relationship,Postgraduate,1,26,913
70300.0,49,single,Graduate,1,26,1444
70643.0,40,in_relationship,Postgraduate,0,18,1629
30396.0,55,in_relationship,Postgraduate,1,6,21
50616.0,56,single,Postgraduate,1,10,144
62772.0,55,single,Postgraduate,1,23,787
30298.0,39,single,Postgraduate,0,6,21
52413.0,40,single,Graduate,1,17,326
44155.0,67,in_relationship,Postgraduate,2,5,32
86979.0,53,single,Postgraduate,0,16,1519
76532.0,49,in_relationship,Graduate,2,25,562
42081.0,42,in_relationship,Graduate,1,15,295
67546.0,36,in_relationship,Postgraduate,0,20,1766
88420.0,35,in_relationship,Postgraduate,0,20,1722
31158.0,39,in_relationship,Graduate,1,7,47
61671.0,56,single,Graduate,1,28,704
69719.0,50,single,Graduate,0,11,567
49160.0,75,single,Graduate,1,12,186
24882.0,46,in_relationship,Undergraduate,1,5,15
90933.0,70,single,Postgraduate,0,15,1481
113734.0,79,single,Postgraduate,0,27,11
59292.0,74,in_relationship,Postgraduate,1,18,460
45759.0,60,in_relationship,Postgraduate,2,7,61
22148.0,41,single,Graduate,0,5,34
73395.0,37,in_relationship,Postgraduate,0,15,359
29819.0,53,single,Graduate,1,9,34
45688.0,56,in_relationship,Graduate,1,14,297
62820.0,70,in_relationship,Graduate,0,14,724
60491.0,53,in_relationship,Postgraduate,1,28,921
33235.0,38,in_relationship,Graduate,1,7,61
35701.0,65,in_relationship,Graduate,0,5,31
31535.0,44,in_relationship,Postgraduate,1,5,32
92556.0,64,in_relationship,Undergraduate,0,21,1028
67384.0,54,single,Graduate,1,22,1172
80573.0,53,in_relationship,Postgraduate,0,24,1397
77870.0,57,in_relationship,Graduate,1,18,1567
52278.0,61,single,Postgraduate,1,31,1024
57107.0,56,single,Graduate,1,23,279
18929.0,34,in_relationship,Graduate,0,6,40
36038.0,43,single,Postgraduate,1,8,38
20180.0,48,single,Graduate,0,8,84
34230.0,59,in_relationship,Postgraduate,2,4,19
31878.0,47,single,Undergraduate,1,6,32
70932.0,52,in_relationship,Undergraduate,1,22,493
91249.0,68,single,Graduate,0,22,1470
80982.0,65,single,Graduate,2,30,1043
22701.0,47,in_relationship,Postgraduate,1,5,15
55212.0,55,in_relationship,Postgraduate,1,20,1148
70617.0,54,in_relationship,Graduate,0,14,1167
64849.0,67,single,Graduate,0,19,1050
62694.0,59,in_relationship,Postgraduate,2,24,542
61917.0,50,in_relationship,Postgraduate,2,7,86
67472.0,77,in_relationship,Postgraduate,1,15,320
21059.0,42,in_relationship,Postgraduate,1,9,30
29543.0,56,in_relationship,Postgraduate,2,8,38
75903.0,73,in_relationship,Graduate,1,23,633
34984.0,49,in_relationship,Undergraduate,2,6,27
54998.0,68,single,Postgraduate,1,20,378
54356.0,75,single,Postgraduate,1,24,755
34242.0,65,in_relationship,Postgraduate,1,4,14
25410.0,51,in_relationship,Graduate,1,6,8
73356.0,40,in_relationship,Postgraduate,0,22,1386
28320.0,74,in_relationship,Graduate,1,5,34
23763.0,47,single,Graduate,1,5,28
72570.0,40,in_relationship,Graduate,0,23,573
34529.0,48,in_relationship,Postgraduate,1,9,112
70792.0,73,single,Graduate,0,19,1043
63211.0,42,in_relationship,Graduate,0,20,797
83891.0,50,in_relationship,Postgraduate,1,22,605
36065.0,56,single,Graduate,2,9,59
39898.0,70,in_relationship,Graduate,1,9,103
56939.0,48,in_relationship,Graduate,1,18,393
80872.0,73,single,Graduate,0,19,1122
72335.0,48,in_relationship,Postgraduate,0,23,2043
61798.0,60,single,Postgraduate,0,16,431
76842.0,74,single,Postgraduate,0,17,960
29478.0,48,in_relationship,Graduate,1,5,15
46998.0,68,single,Graduate,1,18,299
96843.0,34,single,Graduate,0,28,1470
56551.0,74,single,Postgraduate,2,10,103
70053.0,59,in_relationship,Postgraduate,1,26,663
71670.0,62,single,Postgraduate,0,15,1606
44359.0,46,in_relationship,Graduate,2,9,34
40887.0,72,single,Graduate,2,10,98
48877.0,58,single,Graduate,1,8,118
74485.0,77,in_relationship,Graduate,0,26,1463
64474.0,52,in_relationship,Graduate,1,22,588
77226.0,61,in_relationship,Graduate,1,28,913
72643.0,75,single,Graduate,0,21,1159
85738.0,46,in_relationship,Postgraduate,0,21,1315
55686.0,58,single,Graduate,1,16,872
39062.0,41,single,Graduate,1,5,32
34600.0,53,in_relationship,Graduate,2,17,292
40794.0,49,in_relationship,Graduate,1,16,357
54690.0,53,in_relationship,Undergraduate,2,12,164
4428.0,55,in_relationship,Graduate,1,25,32
32632.0,61,in_relationship,Undergraduate,0,18,351
38236.0,56,single,Postgraduate,2,11,76
36781.0,45,in_relationship,Graduate,1,6,47
31385.0,40,single,Postgraduate,1,4,17
24570.0,40,in_relationship,Graduate,1,11,124
25509.0,50,single,Postgraduate,1,9,73
94642.0,73,in_relationship,Graduate,0,21,1819
58646.0,62,in_relationship,Postgraduate,1,8,107
53201.0,49,single,Graduate,2,22,368
21994.0,67,in_relationship,Graduate,1,4,15
57113.0,46,in_relationship,Graduate,2,16,219
51373.0,33,in_relationship,Graduate,0,12,186
23477.0,38,in_relationship,Graduate,1,10,107
58116.0,68,in_relationship,Graduate,1,16,377
72968.0,61,single,Postgraduate,0,19,1721
39791.0,53,in_relationship,Postgraduate,1,10,127
91712.0,77,single,Postgraduate,0,27,2046
94472.0,66,single,Graduate,1,16,1467
13672.0,64,in_relationship,Graduate,2,6,17
96547.0,44,in_relationship,Undergraduate,0,21,594
79205.0,49,in_relationship,Graduate,0,16,644
56559.0,49,in_relationship,Postgraduate,1,18,381
32644.0,51,in_relationship,Postgraduate,1,18,383
67506.0,44,single,Undergraduate,1,12,195
24206.0,54,single,Graduate,1,5,17
28420.0,57,single,Postgraduate,1,4,11
22979.0,54,in_relationship,Graduate,1,10,52
33279.0,58,single,Graduate,0,4,16
46423.0,52,single,Postgraduate,2,9,84
30368.0,47,in_relationship,Graduate,1,7,48
63684.0,54,in_relationship,Graduate,1,23,1083
41638.0,60,single,Graduate,1,17,346
68805.0,65,single,Postgraduate,1,12,233
65814.0,58,in_relationship,Postgraduate,1,23,688
71964.0,66,single,Graduate,0,17,1570
39146.0,38,single,Graduate,1,11,128
96876.0,47,in_relationship,Graduate,0,24,1686
34445.0,43,in_relationship,Undergraduate,0,27,472
68281.0,66,single,Graduate,0,25,1524
37284.0,49,in_relationship,Undergraduate,2,4,14
36790.0,41,in_relationship,Graduate,0,6,20
27943.0,57,in_relationship,Graduate,2,8,29
22263.0,73,single,Graduate,2,6,19
30261.0,52,in_relationship,Graduate,3,4,13
28587.0,46,in_relationship,Graduate,1,9,43
43815.0,42,in_relationship,Postgraduate,1,6,53
48195.0,68,in_relationship,Graduate,2,17,201
77027.0,72,in_relationship,Postgraduate,1,19,1119
71322.0,59,in_relationship,Postgraduate,1,28,1022
32765.0,45,in_relationship,Postgraduate,1,8,33
29672.0,59,in_relationship,Graduate,2,4,13
23272.0,71,single,Graduate,0,5,28
49912.0,75,in_relationship,Postgraduate,1,26,751
7500.0,39,in_relationship,Undergraduate,1,10,39
68117.0,77,single,Postgraduate,1,25,877
67225.0,69,in_relationship,Graduate,1,23,672
17649.0,48,in_relationship,Graduate,1,9,39
55914.0,49,in_relationship,Graduate,1,29,808
40059.0,40,in_relationship,Graduate,1,12,231
60905.0,74,in_relationship,Graduate,1,15,301
75330.0,47,in_relationship,Graduate,2,29,894
60689.0,73,single,Graduate,1,22,546
38680.0,40,in_relationship,Graduate,1,6,47
61416.0,42,in_relationship,Graduate,0,24,1325
49767.0,33,single,Graduate,0,18,446
83273.0,54,single,Graduate,3,29,1172
29009.0,43,in_relationship,Graduate,1,7,27
45057.0,45,in_relationship,Postgraduate,1,6,44
37150.0,53,in_relationship,Graduate,1,21,268
43020.0,54,single,Graduate,1,12,151
53154.0,65,in_relationship,Graduate,1,9,150
65308.0,51,in_relationship,Graduate,0,28,977
76467.0,54,single,Graduate,1,14,1263
81044.0,77,in_relationship,Undergraduate,0,22,1011
32871.0,73,in_relationship,Graduate,2,5,36
55801.0,49,single,Graduate,2,21,422
76320.0,65,single,Graduate,1,15,775
36927.0,69,single,Postgraduate,2,8,67
48794.0,71,in_relationship,Graduate,2,5,36
23478.0,59,single,Graduate,0,7,61
71128.0,51,single,Graduate,1,27,1564
70179.0,48,single,Postgraduate,1,26,788
59462.0,74,in_relationship,Graduate,1,25,884
38361.0,55,in_relationship,Graduate,1,10,95
70038.0,42,in_relationship,Postgraduate,0,17,989
42554.0,46,in_relationship,Graduate,2,7,41
67445.0,50,in_relationship,Graduate,1,32,1054
67046.0,73,single,Graduate,1,15,712
42192.0,76,in_relationship,Graduate,0,7,70
77610.0,72,in_relationship,Postgraduate,1,17,1610
31761.0,40,in_relationship,Graduate,1,9,40
34350.0,45,in_relationship,Graduate,1,5,34
54591.0,75,in_relationship,Graduate,1,19,474
71866.0,68,in_relationship,Graduate,1,20,540
25293.0,55,in_relationship,Graduate,1,5,26
42000.0,37,single,Postgraduate,0,20,474
69520.0,41,in_relationship,Graduate,0,21,1161
64713.0,54,single,Graduate,1,19,481
27889.0,47,in_relationship,Postgraduate,1,5,18
22123.0,64,single,Undergraduate,0,7,30
27803.0,51,in_relationship,Graduate,1,9,80
51651.0,64,in_relationship,Graduate,1,17,322
68487.0,36,in_relationship,Graduate,0,30,1155
56796.0,55,in_relationship,Graduate,1,27,855
87000.0,32,in_relationship,Undergraduate,0,18,828
79823.0,65,in_relationship,Graduate,1,23,1288
30828.0,44,single,Graduate,1,8,42
34109.0,53,in_relationship,Postgraduate,1,4,15
53367.0,50,single,Postgraduate,2,21,376
22390.0,55,in_relationship,Undergraduate,0,4,5
71322.0,48,in_relationship,Graduate,1,13,269
79244.0,31,single,Graduate,0,22,698
49912.0,75,in_relationship,Postgraduate,1,26,751
48699.0,74,in_relationship,Postgraduate,2,5,37
80144.0,49,in_relationship,Graduate,0,19,817
54252.0,68,single,Graduate,2,15,208
81929.0,48,in_relationship,Postgraduate,1,20,1819
76068.0,49,in_relationship,Graduate,1,10,1255
53204.0,48,in_relationship,Postgraduate,2,5,37
67911.0,75,in_relationship,Postgraduate,1,27,885
14796.0,40,in_relationship,Undergraduate,1,6,24
78128.0,50,in_relationship,Postgraduate,1,20,1188
14188.0,52,in_relationship,Undergraduate,0,7,20
20425.0,38,in_relationship,Undergraduate,1,7,21
58646.0,62,in_relationship,Postgraduate,1,8,107
72967.0,54,single,Graduate,1,19,372
48150.0,75,in_relationship,Postgraduate,1,13,214
82332.0,63,single,Graduate,0,21,1857
58275.0,69,single,Graduate,2,23,452
44953.0,43,in_relationship,Postgraduate,0,24,878
34587.0,71,in_relationship,Graduate,2,6,18
43018.0,50,in_relationship,Postgraduate,1,7,56
45736.0,70,in_relationship,Postgraduate,1,19,371
66476.0,55,in_relationship,Postgraduate,1,26,922
27733.0,43,in_relationship,Undergraduate,1,7,12
69805.0,72,in_relationship,Postgraduate,1,27,995
72217.0,62,single,Postgraduate,0,22,1308
25818.0,53,single,Graduate,1,4,15
37509.0,48,in_relationship,Postgraduate,1,9,98
25176.0,48,in_relationship,Undergraduate,2,4,8
43586.0,44,in_relationship,Graduate,1,10,112
53230.0,68,in_relationship,Undergraduate,1,23,346
50116.0,67,in_relationship,Graduate,2,7,64
84906.0,52,in_relationship,Graduate,0,24,1426
61286.0,58,in_relationship,Graduate,1,18,463
82333.0,38,in_relationship,Postgraduate,0,18,1670
65220.0,59,in_relationship,Postgraduate,0,23,1245
33590.0,50,in_relationship,Graduate,3,4,6
30992.0,48,single,Graduate,1,5,31
72309.0,48,single,Postgraduate,0,20,1843
16005.0,44,in_relationship,Undergraduate,1,8,6
65487.0,67,single,Postgraduate,0,17,807
58692.0,59,in_relationship,Graduate,1,15,373
40590.0,55,single,Graduate,2,15,204
20587.0,54,single,Graduate,1,5,11
62637.0,70,single,Postgraduate,1,10,164
29435.0,58,single,Postgraduate,2,11,110
19346.0,50,single,Graduate,1,5,11
35788.0,53,in_relationship,Graduate,2,7,36
36997.0,56,single,Graduate,2,12,59
23539.0,67,in_relationship,Graduate,0,7,39
65333.0,51,single,Graduate,1,28,753
78499.0,67,single,Graduate,0,19,1154
29732.0,53,in_relationship,Postgraduate,1,5,33
41275.0,64,in_relationship,Postgraduate,3,11,50
63516.0,51,in_relationship,Postgraduate,2,16,266
42769.0,62,in_relationship,Postgraduate,1,8,84
49572.0,66,in_relationship,Postgraduate,2,7,52
69209.0,52,in_relationship,Graduate,0,16,1377
17148.0,48,in_relationship,Graduate,1,11,29
40590.0,55,single,Graduate,2,15,204
30560.0,48,in_relationship,Postgraduate,1,5,15
32146.0,41,in_relationship,Undergraduate,1,8,52
41713.0,60,single,Undergraduate,2,13,129
34176.0,49,in_relationship,Postgraduate,1,5,20
58482.0,69,in_relationship,Postgraduate,1,22,698
59686.0,59,single,Graduate,1,12,193
60896.0,60,in_relationship,Postgraduate,1,26,1442
62994.0,44,in_relationship,Graduate,1,13,284
47320.0,67,in_relationship,Graduate,1,20,330
74859.0,75,single,Undergraduate,0,23,1257
15253.0,32,single,Undergraduate,1,6,7
31560.0,50,single,Postgraduate,1,8,83
72071.0,70,single,Graduate,1,20,900
91172.0,34,single,Postgraduate,0,14,1008
90000.0,40,in_relationship,Graduate,0,18,952
41967.0,43,single,Graduate,2,5,37
69263.0,59,single,Graduate,1,18,529
65706.0,54,single,Undergraduate,0,27,1057
60934.0,49,in_relationship,Graduate,1,23,534
71965.0,73,in_relationship,Graduate,1,17,877
65210.0,69,in_relationship,Graduate,1,22,696
79174.0,49,in_relationship,Postgraduate,0,19,1629
81380.0,57,single,Postgraduate,0,17,1498
48432.0,51,single,Postgraduate,1,19,375
52914.0,53,in_relationship,Graduate,1,15,308
38946.0,69,in_relationship,Graduate,1,12,204
26067.0,50,in_relationship,Graduate,1,9,42
44325.0,52,in_relationship,Postgraduate,1,21,537
42523.0,60,in_relationship,Graduate,0,7,61
26487.0,46,single,Undergraduate,1,9,20
53233.0,67,in_relationship,Undergraduate,1,5,37
67716.0,64,in_relationship,Graduate,1,28,889
76234.0,52,in_relationship,Postgraduate,1,23,736
84117.0,68,in_relationship,Postgraduate,0,24,1436
65487.0,67,in_relationship,Postgraduate,0,17,807
25224.0,52,in_relationship,Undergraduate,1,7,25
89616.0,41,single,Postgraduate,0,25,1373
40851.0,53,single,Graduate,2,5,31
27469.0,77,in_relationship,Graduate,0,4,12
82347.0,67,in_relationship,Undergraduate,0,25,1455
73803.0,67,in_relationship,Graduate,1,22,1276
8820.0,72,single,Postgraduate,2,10,25
43322.0,50,single,Graduate,0,8,111
55593.0,51,in_relationship,Graduate,1,17,425
50501.0,70,in_relationship,Graduate,2,20,335
37085.0,49,in_relationship,Graduate,2,10,56
16185.0,34,single,Undergraduate,1,8,32
57731.0,55,single,Graduate,1,26,587
48432.0,51,single,Postgraduate,1,19,375
73807.0,46,in_relationship,Graduate,1,23,646
18929.0,34,in_relationship,Graduate,0,6,40
35893.0,56,single,Graduate,2,15,181
61014.0,44,in_relationship,Graduate,1,20,893
32144.0,70,in_relationship,Graduate,2,10,51
14918.0,61,in_relationship,Undergraduate,1,5,9
45146.0,61,single,Graduate,2,6,38
41769.0,69,single,Undergraduate,1,22,462
88325.0,43,in_relationship,Graduate,0,18,1450
38054.0,74,single,Postgraduate,2,7,42
80617.0,29,single,Undergraduate,0,19,1276
5305.0,48,in_relationship,Graduate,1,1,23
36807.0,70,in_relationship,Graduate,2,4,11
28427.0,41,in_relationship,Graduate,1,7,40
82032.0,76,single,Postgraduate,0,17,903
22775.0,46,in_relationship,Graduate,1,4,14
40101.0,39,in_relationship,Postgraduate,1,17,303
58025.0,45,in_relationship,Graduate,1,18,389
75777.0,42,single,Postgraduate,0,21,1276
7500.0,45,in_relationship,Undergraduate,1,11,21
33562.0,61,in_relationship,Postgraduate,3,9,45
57642.0,54,single,Postgraduate,1,22,644
58554.0,56,in_relationship,Graduate,2,22,460
63777.0,45,in_relationship,Graduate,2,26,568
57967.0,62,single,Graduate,1,19,373
24434.0,52,in_relationship,Graduate,2,7,13
11012.0,40,single,Graduate,1,9,53
44802.0,54,single,Postgraduate,0,27,1006
26816.0,38,single,Graduate,0,4,12
34421.0,50,in_relationship,Graduate,1,4,13
61223.0,57,in_relationship,Graduate,1,18,934
64014.0,78,in_relationship,Postgraduate,3,22,436
56981.0,43,single,Graduate,0,19,1173
69245.0,68,in_relationship,Postgraduate,1,23,672
52869.0,70,in_relationship,Postgraduate,2,11,148
